TrackingID,JudulLaporan,IsiLaporan,Kategori,KategoriID,DisposisiInstansi,DisposisiInstansiID,Area,AreaID,Status,TanggalDisposisi,TanggalLaporanMasuk,TanggalLaporanAktivitasTerakhir,TanggalLaporanDitutup
22005,Proyek Jalan Tol Pejagan-Pemalang Seksi 3,"Selamat siang, mau tanya tentang kelanjutan proyek jalan tol Pejagan-Pemalang seksi 3 di Kabupaten Tegal. Kapan sosialisasinya? Terima kasih.",Infrastruktur,8,Kementerian Pekerjaan Umum,49,Jawa Tengah,13,Selesai,1338383715,1338183146,1420924278,1344362402
22022,Tenaga Dokter di Nusa Tenggara Timur,"Pak Menteri Kesehatan. Tolong perhatikan kami RSU di daerah NTT, tenaga Dokter kurang & pelayanan tidak maksimal, tapi bisa melayani 3 s/d 4 tempat. Sangat berbahaya... Trims.",Bidang Kesejahteraan Rakyat,16,Kementerian Kesehatan,118,Nusa Tenggara Timur,19,Selesai,1338783846,1338216461,1338783846,1343325602
22033,Standarisasi Pornografi & Pornoaksi,"Kemenkumham, standarisasi minimal pornografi & pornoaksi tolong dibuat dan disosialisasikan kepada masyarakat.",Teknologi Informasi dan Komunikasi,13,Kementerian Hukum dan HAM,248,Nasional,34,Selesai,1342178014,1338261264,1409723138,1348509601
22039,Biaya Operasi untuk Pasien Tidak Mampu,"Menkes RI yang terhormat, tolong inspeksi ke RSUD WZ. Yohanis, Kupang. Jika pasien tidak mampu, operasi penyakit dalam diminta bayar sekitar 10 juta, meskipun ada keterangan tidak mampu. Apakah ini benar?",Kesehatan,5,Kementerian Kesehatan,118,Nusa Tenggara Timur,19,Selesai,1338795087,1338266485,1421923345,1343325602
22067,Pembayaran Gaji Dokter PTT di Maluku Utara,"Selamat pagi, saya Andrianto, dokter PTT di pedalaman Maluku Utara. Saya ingin komplain mengenai kinerja kemenkes tentang pemberian gaji kami pegawai PTT, yang tidak manusiawi. Gaji selalu telat, alasan bermacam-macam. Contoh terbaru, gaji saya bulan April 2012, sampai hari ini 30 Mei 2012 belum turun juga. Kami para dokter PTT dituntut bekerja profesional di daerah minim fasilitas. Tapi hak kami diabaikan. Mohon feedback-nya. Best regards, dr. Andrianto.",Kesehatan,5,Kementerian Kesehatan,118,Maluku Utara,31,Selesai,1338379898,1338345047,1420319603,1357581602
22145,Pembalakan Liar di Kalimantan Tengah,"Yth. Bpk. Kapolda Kalimantan Tengah. Penegak hukum kalteng selalu memanjakan mafia kayu, hingga mereka tidak bisa jera. Ilegal logging yang ada di Kabupaten Barito Selatan yang sudah dipasang garis polisi malah dibebaskan. Kini sudah ada lagi ilegal logging di Barito Utara yang ingin di bawa/diluncurkan. Thanks",Lingkungan Hidup dan Penanggulangan Bencana,11,Badan Reserse Kriminal,865,Kalimantan Tengah,21,Proses,1339752036,1338457241,1421125301,1340603592
22222,Tunjangan Sertifikasi Guru Triwulan 1 di Lampung Selatan,"Kepada Yth. Bpk. Mendikbud RI. Pak mengapa tunjangan sertifikasi guru triwulan 1 di Kabupaten Lampung Selatan hanya dibayarkan 2 bulan saja (Januari-Februari 2012), harusnyakan 3 bulan pak?",Pendidikan,4,Kementerian Pendidikan dan Kebudayaan,416,Lampung,8,Selesai,1339660729,1338545929,1417072124,1357581602
22225,Uji Kompetensi Tenaga Honorer Kategori 2,"Yth. Menpan, kapan tenaga honorer kategori 2 akan diuji kompetensi & kapan RPP-nya diteken oleh Bapak SBY. Wassalam.",Reformasi Birokrasi dan Tata Kelola,3,Kementerian Pendayagunaan Aparatur Negara dan Reformasi Birokrasi,260,Nasional,34,Selesai,1340254569,1338553574,1403790071,1348423201
22253,Seleksi Penerimaan PT. PINDAD,"Mohon dicek ulang tentang seleksi penerimaan BUMN di PT. PINDAD sekarang. Apakah sudah murni atau sarat KKN (koneksi), namun perlu benar-benar dicek oleh aparat yang independen. Terima kasih.","Perdagangan, Perindustrian, Iklim Usaha, dan Investasi",9,Kementerian Badan Usaha Milik Negara (BUMN),54,Nasional,34,Selesai,1339647170,1338598485,1339647170,1340607770
22287,Gaji PNS,"Yth. Bapak Kemenkeu, kami Pegawai Negeri Sipil di daerah mempertanyakan gaji ke-13 ada tidak? Karena kami PNS di daerah sangat perlu dan butuh gaji ke-13.",Reformasi Birokrasi dan Tata Kelola,3,Kementerian Keuangan,50,Nasional,34,Selesai,1338882712,1338672635,1434027604,1357581602
22288,Penipuan PNS,"Di Jombang, Jawa Timur, terdapat penipuan menjadi Pegawai Negeri Sipil (PNS) dengan harus membayar puluhan juta yang melibatkan oknum pegawai Pemerintah Daerah Jombang.",Reformasi Birokrasi dan Tata Kelola,3,Kementerian Pendayagunaan Aparatur Negara dan Reformasi Birokrasi,260,Jawa Timur,15,Selesai,1340270006,1338687496,1340270006,1357581602
22289,Jam Masuk Dokter di Kota Bima,"Mohon ditegur dokter-dokter yang bertugas di Kota Bima, terutama para dokter spesialis yang di hari minggu masuk memeriksa pasien jam 10.30 WIT.",Kesehatan,5,Kementerian Kesehatan,118,Nusa Tenggara Barat,35,Selesai,1339660839,1338688532,1339660839,1343584801
22339,Indikasi Penyadapan Alat Komunikasi,"Yth. Pak Kun, info; sejak sy kirim sms ke nomer sms hotline menteri & SBY, ada oknum intelijen yg sengaja menggangu dan menghambat kegiatan, ruang gerak & usaha kecil kami. Saya punya bukti, salah satunya Bapak bisa cek ke provider, siapa yg memerintahkan menyadap sms dan tlp nomer ini. Pertanyaan apa ada perintah khusus dari BIN/Bais atau intelijen lain utk menghambat warga negaranya yg kritis dan peduli terhadap kemajuan bangsanya? Atau ada oknum intelijen yg bergerak sendiri lepas kendali di luar kontrol komandonya dan bekerja utk keperluan pihak lain? Siapa yg bertanggung jawab thd hal tsb jika itu memang terjadi? terimakasih Pak Kun, mohon maaf sebelumnya.",Topik Khusus,2,UKP-PPP,778,Nasional,34,Selesai,1342434637,1338805410,1342434637,1348164001
22391,Jalur Khusus di Perguruan Tinggi / Politeknik,"Yth. Bapak Menteri, kami mohon agar perguruan tinggi mbok jangan ada istilah jalur khusus, jalur undangan, jalur umum. Contoh di POLTEKES Semarang, setiap mendaftar ditanyakan ""jalur khusus atau undangan?"" saya menganggap ini sebagai bisnis dan ingin menindas rakyat kecil! Panitia bilang jalur umum tinggal sedikit dan dipenuhi jalur khusus. Mohon ditertibkan, jika tidak saya mau mengadu ke DPR/MPR. Terima Kasih.",Pendidikan,4,Kementerian Kesehatan,118,Jawa Tengah,13,Selesai,1343885278,1338894469,1343885278,1346176801
22491,Harga Karet di Kalimantan Selatan Murah,"Harga karet di petani karet di Kalimantan Selatan murah sekali Rp 8.000,-. Mohon dicarikan solusi untuk menaikkan harga karet di petani. Terima Kasih",Pertanian,7,Kementerian Pertanian,250,Kalimantan Selatan,22,Selesai,1342756042,1339064173,1363573995,1364752804
22507,Permohonan Kaki Palsu Bagi Korban Insiden Tj. Priok 1984,"Nama saya Edi Nurhadi, saya adalah salah seorang korban pada insiden di Tanjung Priok pada 12 September 1984 yang membuat kaki saya di amputasi. Saya telah 2 kali mengirim surat yg tertanggal 9 April 2013 dan 20 Mei 2012 memohon kaki palsu kepada Panglima Abri dan sampai saat ini belum ada realisasi. Padahal ishlah telah diikrarkan dan pengadilan pun sudah selesai pada tahun 2002. Apakah masih ada kesempatan untuk saya mendapatkan kaki palsu?","Bidang Politik, Hukum, dan Keamanan",14,Kementerian Sosial,126,Daerah Khusus Ibukota Jakarta,11,Proses,1350530666,1339068852,1415609952,1375380008
22534,Jaringan Internet di SDN 001 Linggang Bigung-Kutai Barat yang Tidak Berfungsi,"SDN 001 Linggang Bigung, Kutai Barat, Kalimantan Timur punya seperangkat jaringan internet yang sudah tidak berfungsi sejak pemasangan. Sangat disesalkan pihak terkait tidak peduli. Mohon diusut kelompok-kelompok mana yang bertanggung jawab.",Pendidikan,4,Kementerian Pendidikan dan Kebudayaan,416,Kalimantan Timur,23,Selesai,1341391146,1339112067,1341391146,1345744801
22580,"Jalan Rusak di Tanah Jawa, Simalungun, Sumatera Utara","Bpk. SBY yang terhormat, tolong sampaikan kepada kementerian terkait. Jalan kami rusak parah, lokasi berada di Desa Maligas Tongah, Kecamatan Tanah Jawa, Kabupaten Simalungun, Sumatera Utara.",Infrastruktur,8,Kementerian Pekerjaan Umum,49,Sumatera Utara,2,Selesai,1346988204,1339200976,1354846423,1348641495
22582,Kualitas Guru Penerima Tunjangan Sertifikasi,"Kepada Yth. Bapak Menteri Pendidikan dan Kebudayaan, mohon Pak dievaluasi lagi guru-guru yang telah menerima tunjangan sertifikasi, karena selama ini kualitas guru-guru tersebut tidak sesuai dengan apa yang diharapkan selama ini. Trims",Pendidikan,4,Kementerian Pendidikan dan Kebudayaan,416,Nasional,34,Selesai,1341390954,1339216237,1360820818,1361901604
22586,"Listrik Sering Mati di Indragiri Hulu, Riau","Tolong diperhatikan, kampung kami lagi-lagi listriknya mati hingga 6 kali selama 1 hari 1 malam, dengan waktu mati listrik rata-rata 2 jam atau lebih. Apakah hal ini disengaja karena saya sering melaporkan kebrobrokan PLN di Indragiri Hulu, Riau?",Energi dan Sumber Daya Alam,10,Kementerian Badan Usaha Milik Negara (BUMN),54,Riau,4,Selesai,1340167938,1339247706,1340167938,1341327094
22588,Tes Program Sertifikasi Guru Via Internet,"Program sertifikasi melalui tes via internet potensi kecurangan 50% sebab dapat menggunakan jasa joki bagi yang tidak menguasai materi dan dengan program yang baru ini guru tidak usah repot-repot meningkatkan kualitas yang penting lulus tes via internet, tanpa peduli siapa yang mengerjakan soal-jawaban via internet tersebut.",Pendidikan,4,Kementerian Pendidikan dan Kebudayaan,416,Nasional,34,Selesai,1339664624,1339247738,1377246038,1378749611
22598,"Kebijakan ""Satu Hari Tanpa Nasi""","Kita ketahui bahwa Kementerian Pertanian telah mencanangkan kebijakan ""Satu Hari Tanpa Nasi"", padahal makanan pokok rakyat Indonesia adalah beras. Mohon penjelasannya mengapa kebijakan ini diambil.",Pertanian,7,Kementerian Pertanian,250,Nasional,34,Selesai,1340962811,1339297617,1362533462,1363716005
22606,Penangkapan Pelaku Kejahatan,"Interpol tangkap buron kasus BLBI di San Fransisco, Amerika Serikat. Alhamdulillah semoga pembobol lainnya segra ditangkap dan Polri dapat mengamankan warga negara dan triliunan rupiah (yang dibawa lari). Polri (harus) kejar dalang pelaku sejumlah penembakan di Papua. Kerahkan Densus 88 utk menghancurkan teroris tulen disana. Jangan mencari-cari teroris rekayasa di Jawa.","Bidang Politik, Hukum, dan Keamanan",14,Kepolisian Republik Indonesia,45,Nasional,34,Selesai,1339664968,1339310759,1339664968,1352717939
22611,Masalah Honorer Kategori 1,Kenapa honorer kategori satu (K1) lama sekali belum ada penyelesaian. Apa lagi sudah 3 tahun ini kami menunggu. Tolong Menpan RB dan Badan Kepegawaian Nasional (BKN) untuk menuntaskan.,Reformasi Birokrasi dan Tata Kelola,3,Kementerian Pendayagunaan Aparatur Negara dan Reformasi Birokrasi,260,Nasional,34,Selesai,1341390805,1339325796,1407282857,1348423201
22612,"Harga BBM di Desa Miau Baru, Kecamatan Kongbeng, Kutai Timur.","Mana bukti kalau BBM sudah ditambah kuotanya? Sampai hari ini kami masih membeli dengan harga di atas Rp 10.000,00 karena SPBU hanya diperuntukkan bagi penimbun. Kami dari Kalimantan Timur, Kabupaten Kutai Timur, Kecamatan Kongbeng, Desa Miau Baru.",Energi dan Sumber Daya Alam,10,Badan Pengatur Hilir Minyak dan Gas Bumi,618,Kalimantan Timur,23,Proses,1350455999,1339328510,1435037180,1372960812
22617,Pengaspalan Jalan di Daerah Ciangsana,"Mohon agar Jl. Attaubah masuk dari Jl. Ciangsana, Cibubur dapat diaspal.",Infrastruktur,8,Kementerian Pekerjaan Umum,49,Jawa Barat,12,Selesai,1346988178,1339332315,1346988178,1348164001
22631,Perampasan Tanah Adat di Biak oleh TNI AU,"Kepada yang terhormat Bapak Presiden Republik Indonesia di Jakarta, mohon bantu kami, karena pihak TNI AU Biak merampas tanah kami tanpa surat pelepasan dari kami pemilik tanah. Mohon komandan lanud Manuhua diganti karena sangat arogan untuk kami pemilik tanah adat. Apa yang harus saya lakukan agar masalah ini tidak berujung konflik dan menganggu keamanan. Terima kasih atas bantuannya, tuhan memberkati Bapak.","Bidang Politik, Hukum, dan Keamanan",14,Kementerian Pertahanan,247,Papua Barat,32,Belum,1362469669,1339342370,1430848983,
22652,Guru Honorer dan Sertifikasi,"Mengapa guru honorer tidak boleh sertifikasi? Hal ini tidak adil, tolong dikaji kembali undang-undang tentang guru & dosen!",Pendidikan,4,Kementerian Pendidikan dan Kebudayaan,416,Nasional,34,Selesai,1342524153,1339417727,1360913093,1361988005
22653,Database Honorer Kemenkeu di Bali tahun 2005,"Bapak, saya dari Bali, mohon informasi kelanjutan dari database honorer Kemenkeu yang sudah database tahun 2005. Kalau memang honorer Kemenkeu tidak bisa diproses, tolong disampaikan kepada yang berwenang agar peraturan PP-nya dibuatkan pengecualian terhadap kami. Kami sudah bosan dengan janji-janji pemerintah akan menyelesaikan tentang honorer sudah 2 kali revisi PP nya tapi nasib kami belum ada kejelasan.",Topik Khusus,2,Kementerian Keuangan,50,Bali,17,Selesai,1341390354,1339420721,1431753121,1370973605
22661,"Mati Listrik di Indragiri Hulu, Riau","Pantaskah PLN/PLTG jg Mati Listrik dari jam 19.15 spe saat ini jam 23.15 tidak Menyala , dibiarkan Mati tidak diperbaiki. ? Ini terjadi di PLN INHU RIAU. APA HAL2 YG BEGINI INI TIDAK MEMBANGKITKAN EMOSI PELANGGAN ?PLTG/PLTN yang begini Pelayanannya ganti nama menjadi PLS Saja. (Swasta). tidak memalukan NEGARA R.I.",Energi dan Sumber Daya Alam,10,Kementerian Badan Usaha Milik Negara (BUMN),54,Riau,4,Selesai,1340167541,1339431368,1404013769,1341327363
22698,Pengawasan Terhadap Kinerja Sekretaris Desa,"Kepada yang terhormat Bapak Menpan & RB, pengangkatan Sekdes menjadi PNS bukan solusi yang tepat untuk kemajuan desa karena banyak Sekdes yang mangkir alias tidak masuk kantor desa. Jika toh ada yang masuk, itu saja berangkatnya jam 09.00 dan pulangnya jam 12.00. Mohon ada pengawasan. Terima kasih.",Reformasi Birokrasi dan Tata Kelola,3,Kementerian Pendayagunaan Aparatur Negara dan Reformasi Birokrasi,260,Nasional,34,Selesai,1340267838,1339573781,1340267838,1348423201
22719,Pembayaran Uang Sertifikasi Guru yang Terhambat,Kpd mendikbud dan menkeu.km guru2 didaerah kalsel sngat kecewa dr keputusan dirjendikdas yg dpt tpk spy buka rek di bank bri setlh dipenuhi berubah ke bank bpd kalsel km sangat dirugikanSampai saat inipun uang sertifikasi guru blm dibayar karena birokrasi yg kacau spy mendikbud memperhatikan,Pengentasan Kemiskinan,6,Kementerian Pendidikan dan Kebudayaan,416,Kalimantan Selatan,22,Selesai,1339646629,1339598490,1434027615,1340793635
22722,Kondisi SD di Lampung Memprihatinkan,"Kondisi SD Margomulyo, Kecamatan Smaka, Kabupaten Tanggamus, Lampung sungguh memprihatinkan. Tolong dibantu.",Pendidikan,4,Kementerian Pendidikan dan Kebudayaan,416,Lampung,8,Selesai,1339646376,1339600033,1339646376,1341804066
22741,Persyaratan Masuk Perguruan Tinggi,"Bpk mendiknas,ada baiknya pendaftaran masuk perguruan tinggi ijazahnya sudah asli tdk lagi pake surat keterangan.kami orang tua agak kesulitan menyekolahkan anak ke luar daerah...thanks!",Pengentasan Kemiskinan,6,Kementerian Pendidikan dan Kebudayaan,416,Nasional,34,Selesai,1339646254,1339634315,1339646254,1344967202
22782,"Bantuan Khusus Murid (BKM) di Manggarai Barat, NTT","Kepada Bapak Menteri Pendidikan: Di SMP Negeri 1 Mbeliling, Kabupaten Manggarai Barat, Nusa Tenggara Timur, dana Bantuan Khusus Murid (BKM) hanya diterima Rp 200.000/murid, lainnya dipotong oleh Kepala Sekolah (diluar uang sekolah).",Pendidikan,4,Kementerian Pendidikan dan Kebudayaan,416,Nusa Tenggara Timur,19,Selesai,1339991000,1339755600,1339991000,1345399201
22790,"Jalan di Kabupaten Polewali Mandar, Sulawesi Barat","Sekedar informasi: hasil penyelidikan & laporan bahwa 96-99% rakyat sangat kecewa dengan keadaan Jalan Provinsi Sulawesi Barat di Kabupaten Polewali Mandar yang menghubungkan 5 Kecamatan sampai dengan sekarang sangat-sangat memprihatinkan, untuk kendaraan motor saja sangat sulit. Anggaran dananya sudah puluhan tahun tidak jelas kemana. Diharap Bapak Presiden, KPK, dan jaksa agar segera menyidik kemungkinan adanya praktek KKN tersebut.",Infrastruktur,8,Kementerian Pekerjaan Umum,49,Sulawesi Barat,29,Selesai,1346139535,1339769859,1346139535,1347300002
22802,Harga TBS Kelapa Sawit Anjlok di Bangka Belitung,"Selamat pagi Kementerian Pertanian, tolong kami para petani sawit di Bangka Belitung. Harga Tandan Buah Segar (TBS) buah sawit di pabrik-pabrik dalam sebulan terakhir anjlok. Sekarang harga Rp 1.100,-/kg.",Pertanian,7,Kementerian Pertanian,250,Kepulauan Bangka Belitung,9,Selesai,1340960564,1339803727,1362533778,1363716005
22870,Modifikasi Knalpot Motor yang Mengganggu,"Saya pernah SMS ke Mabes POLRI mengenai maraknya modifikasi knalpot sepeda motor dengan membuka sarangannya. Jawabannya akan disampaikan kepada seluruh POLRES. Tetapi nyatanya masalah tersebut masih marak terjadi, padahal perilaku tersebut menyebabkan kebisingan dan polusi udara. Tolong ditindaklanjuti agar tidak perlu menggunakan alat monitor udara seperti di Surabaya yang harganya sangat mahal.",Lingkungan Hidup dan Penanggulangan Bencana,11,Korps Lalu Lintas,868,Nasional,34,Proses,1340181847,1340075315,1386916171,1345140001
195474,Busway Kosong Tidak Berhenti di Jalur Busway Ragunan - Kuningan,"Mohon bantuannya untuk mengecek jalur busway ragunan - kuningan. Terutama jalur SMP 55 sampai warung buncit. Sering kali busway kosong atau tidak penuh tidak mau berhenti. Hari ini saya menunggu dr jam 8.50 - 9.00, busway tiap 20 menit (ada, 2 busway kosong tidak mau berhenti, 2 busway tidak penuh tidak mau berhenti. Terimakasih",Topik Lainnya,110,Dinas Perhubungan,783,Daerah Khusus Ibukota Jakarta,11,Proses,1358246596,1340084004,1359710603,
22878,Dana dari Kemendikbud untuk Guru di Kepulauan Talaud,"Dana yang langsung dari Kemendikbud, bekerjasama dengan Bank BRI di Kepulauan Talaud untuk guru-guru yang sudah ada nama, bahkan membuka nomor rekening, sampai hari ini tidak ada kenyataan. (Walaupun hanya mendapat 1 juta, berarti bagi kami).",Pendidikan,4,Kementerian Pendidikan dan Kebudayaan,416,Sulawesi Utara,24,Selesai,1341390102,1340085464,1341390102,1344535201
22956,Proses Pembuatan Akte Kelahiran yang Rumit dan Mahal di Kotabaru,"Pak Menteri, apakah memang membuat akte kelahiran harus melalui proses sidang? Kami orang miskin baru mau bikin sekarang, kok malah dipersulit? Biayanya pun mahal. Dari Ardi di Kotabaru, Kalimantan Selatan.",Reformasi Birokrasi dan Tata Kelola,3,Kementerian Dalam Negeri,63,Kalimantan Selatan,22,Selesai,1342151316,1340248375,1361791104,1362679205
22984,Pengendalian dan Pembinaan Jabatan Fungsional Combined Heat & Power (CHP) dalam R&D Infrastructure MP3EI,"Salam, saya PNS mantan Perencana Madya di Direktorat Jenderal Ketenagalistrikan (www.djlpe.esdm.go.id) yang belum pernah di evaluasi sehingga kami yang harusnya pensiun umur 60 tahun sudah dianggap pensiun (gajih sudah disetop per Desember 2011 dan SK Pensiun belu turun. Alasan lisan belum dievaluasi oleh Dit Jen Ketenagalistrikan adalah karena Multi Sector Projects (sulit). Padahal tingkatan kami harus menghasilkan multi sector program/ projects. Mohon periksa www.chp.coop Peningkatan Kerjasama Nasional Koperasi, BUMN dan Swasta. Perlu diketahui bahwa kami secara institusi dibina oleh Bappenas. Kami melalui Ikatan Alumni ITB juga sudah berusaha menemui Wamen Bappenas (Ketua Ikatan Alumni TI - ITB). Padahal yang kami ajukan sudah berkategori R&D Infrastructure (MP3EI Page 41 Figure2.9 President's Initiative: 1-747 terlampir). Secara pribadi kami tidak punya masalah dengan Dit Jen Ketenagalistrikan, Bappenas, Kementerian Koperasi dan UKM. Permasalahannya adalah karena belum adanya Sistem Pengendalian dan Pembinaan Jabatan Fungsional. Saran saya apakah UKP4 mau mengevaluasi kami ? Konsekwensi apabila kami berhasil dievaluasi adalah mungkin rekan rekan perencana yang lain akan dipertanyakan mengapa perencana hanya menghasilkan angka kredit saja tanpa menghasilkan rencana strategis sesuai dengan tingkatannya. Demikian untuk menjadi periksa. Apabila Pemerintah gagal mengevaluasi kami mungkin MP3EI R&D Infrastructure akan sulit terkuak dengan cepat.",Reformasi Birokrasi dan Tata Kelola,3,Kementerian Perencanaan Pembangunan Nasional / Bappenas,62,Nasional,34,Selesai,1340349751,1340348267,1340349751,1344220508
23060,"Klaim Jampersal 2011 di Malang, Jawa Timur","Untuk Kementerian Kesehatan, tolong segera dicairkan gaji bidan PTT dan uang klaim Jampersal 2011. Kenapa hanya cair 142.000/pasien di Kabupaten Malang, Jawa Timur? Mohon direspon. GBU. Btk",Kesehatan,5,Kementerian Kesehatan,118,Jawa Timur,15,Selesai,1340593261,1340405103,1340593261,1344421249
195492,Kemacetan di Pantai Indah Kapuk Akibat Perubahan Arus,"Kepada Yth, Pemprov. DKI Jakarta. Saya warga Pantai Indah Kapuk (PIK), ingin mengeluhkan kemacetan luar biasa yang terjadi akhir-akhir ini dari PIK menuju Muara Karang (MK). Sejak diberlakukannya peraturan di mana dari PIK tidak boleh langsung belok ke kanan ke MK saya rasa tidak ada perbaikan, yang ada malah tambah macet. Sungguh disayangkan mengingat anak kami sekolah di Muara Karang, les di Muara Karang. Dari depan Kuda Laut PIK menuju ke Muara Karang saja memakan waktu sampai dengan 40 menit. Hal ini sangat membuat frustasi kami warga PIK yang banyak beraktivitas sehari-hari di Muara Karang. Mohon kebijaksanaan pemerintah untuk meninjau lebih lanjut, dan akan lebih baik jika Muara Karang Raya kembali dibuat dua arah seperti sedia kala, di mana kemacetan akan terhindari. Terima kasih atas perhatiannya.",Infrastruktur,8,Dinas Perhubungan,783,Jakarta Utara,115,Proses,1358239318,1340502545,1359706812,
23090,Joki 3-in-1 di DKI Jakarta,"Saya bingung. Apakah Joki 3-in-1 diperbolehkan secara legal atau tidak di Jakarta? Karena tadi saya lihat polisi yang sedang bertugas, tenang-tenang saja bersebelahan dengan joki yang sedang mencari pelanggan di wilayah Pejompongan. Boleh minta informasi tentang hal ini?",Topik Lainnya,110,Dinas Perhubungan,783,Jakarta Pusat,111,Selesai,1361167470,1340594375,1361240894,1362333605
23093,Pengangkatan Pegawai Honorer,"Kepada Yth. Mendikbud RI, saya honorer PTT 18 tahun lebih, belum memiliki informasi perekrutan. SK KS lengkap, wb di SMK N 4 Klaten. Mohon solusi. (Kuswanto, Gombang, Cawas, Klaten)",Bidang Kesejahteraan Rakyat,16,Kementerian Pendidikan dan Kebudayaan,416,Jawa Tengah,13,Selesai,1340680292,1340605888,1377246217,1378749611
23144,Dukungan Kepada Menteri BUMN,"Yth. Bpk. Dahlan Iskan/Menteri BUMN, kami barulah sekelompok kecil masyarakat sangat mendukung ketegasan Bapak untuk memecat dewan komisaris utama, komisari bahkan dirut BUMN mana saja yang menolak melaporkan harta kekayaan mereka ke KPK. Instruksi Presiden SBY bahwa semua BUMN harus disehatkan, kalau tidak sehat/terus merugi karena terjadi korupsi oleh dewan komisaris utama / komisaris bahkan dirut, maka sebaiknya dibubarkan/ditutup, dilikuidasi saja dan yang melakukan korupsi supaya diseret ke pengadilan. Semua BUMN harus mendongkrak pertumbuhan ekonomi Indonesia secara berkelanjutan.",Bidang Perekonomian,15,Kementerian Badan Usaha Milik Negara (BUMN),54,Nasional,34,Selesai,1340679737,1340670235,1340679737,1341156469
23195,Pungutan Liar pada Pelayanan Dokumen Impor di Bea Cukai Tanjung Priok,"Mohon diinformasikan pada kementerian terkait bahwa saat ini di Bea Cukai Tanjung Priok bagian penerimaan dokumen impor (pendok), jika setiap dokumen mau cepat dikerjakan harus membayar Rp 50.000,- (dapat ditunggu). Tetapi jika melalui loket, maka dokumen berhari-hari baru dikerjakan dan berhari-hari baru mendapatkan tanda terima dokumen impor. Sungguh cara-cara demikian sangat merugikan importir lain yang memakai cara benar.","Perdagangan, Perindustrian, Iklim Usaha, dan Investasi",9,Kementerian Keuangan,50,Daerah Khusus Ibukota Jakarta,11,Selesai,1340780203,1340775312,1434340228,1435255203
23211,Pelayanan Paspor Kantor Imigrasi Bandara Soekarno-Hatta Buruk,"Sekedar informasi; Pelayanan Kantor Imigrasi Bandara Soekarno-Hatta kurang baik dan tidak transparan. 1. Harga formulir dibeli pada 2 hari berturut-turut harganya berbeda, pertama 6.000,- hari kedua 15.000,- utk dua formulir. Datang jam 8 pagi dapat nomor sudah diatas 100, berdasarkan pengumuman hanya menerima 150 nomor. Ternyata pemanggilan nomor banyak yang tidak ada hampir sampai nomor 60 tidak ada yang punya. Untuk foto mendapat nomor tapi menunggu dari jam 8 baru di foto jam 2 siang setelah terputus waktu istirahat. Untuk biaya penambahan satu kata sesuai syarat umroh harus 3 kata, petugas mengatakan isi formulir dan bayar 150.000,-. Kalau pembuatan paspor, kami dikenakan biaya 255.000,- dengan waktu penyelesaian 8 hari kerja, untuk penambahan nama di passport ditunggu 2 jam dengan biaya 150.000,- tanpa tanda terima. Yang menjadi pertanyaan adalah; Apakah pelayanan masyarakat untuk pembuatan paspor tidak bisa lebih cepat mengingat semua sudah computerized. Untuk biaya-biaya seharusnya lebih transparan, sehingga masyarakat tahu berapa biaya yg harus dikeluarkan. Agar pelayanan di Imigrasi lebih efisien dan transparan. Thanks.",Korupsi,22,Kementerian Hukum dan HAM,248,Daerah Khusus Ibukota Jakarta,11,Selesai,1342178415,1340792002,1342178415,1348509601
23248,Pertanyaan tentang Jampersal,"Apakah Jampersal tahun lalu dihapus? Apakah karena permasalahan tidak ada dana, lalu kenapa bikin susah saja!",Kesehatan,5,Kementerian Kesehatan,118,Nasional,34,Selesai,1340874655,1340872686,1340874655,1341911468
23252,"Listrik Mati Setiap Hari di Kabupaten Kampar, Riau","Kenapa listrik dari PLN mati rutin setiap hari di SP1 Petapahan Jaya, Kecamatan Tapung, Kabupaten Kampar, Riau. Padahal Kecamatan Tapung merupakan sarang Minyak Bumi. Apa tidak ada pihak yang peduli lagi?",Energi dan Sumber Daya Alam,10,Kementerian Badan Usaha Milik Negara (BUMN),54,Riau,4,Selesai,1340939467,1340883910,1340939467,1341754540
23321,Kendaraan Bermotor Roda Dua Tanpa BPKB di Sumba Timur,"Di wilayah Sumba Timur terdapat banyak kendaraan bermotor roda dua yang tidak memiliki BPKB, asal dari Kota Bali. Mohon untuk ditindak.",Reformasi Birokrasi dan Tata Kelola,3,Kepolisian Republik Indonesia,45,Nusa Tenggara Timur,19,Selesai,1341389873,1341040195,1341389873,1408508025
23373,Mahalnya Biaya Pendidikan di Jawa Tengah,"Yth. Bapak Mendikbud, di Jawa Tengah rata-rata anak lulus SLTP 85% sudah tidak melanjutkan ke SLTA. Yang kami ketahui adalah karena 77% orang tua menganggap mahalnya biaya pendidikan. Sedangkan 91% lulusan SLTA, tidak melanjutkan ke Perguruan tinggi, dengan alasan dari 86% orang tua yang mengaggap biaya kuliah di Fakultas Institut Akademi maupun di Kesehatan sangat mahal. Terima kasih.",Pendidikan,4,Kementerian Pendidikan dan Kebudayaan,416,Jawa Tengah,13,Selesai,1341389606,1341145597,1377246327,1378749611
23510,SMS Penipuan yang Meresahkan,"Bagaimana tindakan pihak berwenang terhadap SMS seperti berikut: ""Plnggn Yth! Anda mendapat HADIAH Cek Tunai,sebesar Rp.100jt,dr TELKOMSELpoin U/Info sgr Hub; 081237177222. Pengirim: TELKOMSEL"" Mohon di tindak lanjuti. Terima kasih. (Drs. H, Waliyono)",Topik Khusus,2,Kepolisian Republik Indonesia,45,Nasional,34,Selesai,1341393179,1341385291,1431759764,1365357604
23568,Masalah Tanah di Taman Nasional Gunung Leuser,"Yth. Menteri Kehutanan dan instansi terkait, bagaimana penyelesaian masalah tanah warga di Taman Nasional Gunung Leuser di Langkat? Agar mohon diprioritaskan penyelesaian masalahnya.","Bidang Politik, Hukum, dan Keamanan",14,Kementerian Kehutanan,209,Sumatera Utara,2,Selesai,1347272096,1341478036,1347272096,1352311201
23584,Tegangan Listrik PLN yang Tidak Stabil di Cikokol Tangerang,"Tegangan listrik PLN wilayah Cikokol Tangerang tidak stabil, hal ini dapat berdampak buruk terhadap barang elektronik. Mohon menjadi perhatian, supaya pelanggan tidak dirugikan.",Energi dan Sumber Daya Alam,10,Kementerian Badan Usaha Milik Negara (BUMN),54,Banten,16,Selesai,1341557661,1341489452,1341557661,1343930401
23618,Masalah Ongkos Naik Haji (ONH) di Jawa Tengah,"Tolong biaya Ongkos Naik Haji (ONH) di setiap kabupaten diaudit, khususnya daerah Jawa Tengah. Mohon KPK segera turun.",Bidang Kesejahteraan Rakyat,16,Kementerian Agama,253,Jawa Tengah,13,Proses,1341557406,1341551524,1419836599,1349373601
23685,Premanisme yang Meresahkan di Pasar Griya Kranggan Bogor,"Kami memohon kepada pihak berwenang untuk menertibkan preman pasar (sebagian adalah anggota ormas) yang sangat meresahkan, seperti di Pasar Griya Kranggan, Bogor Jawa Barat. Terima kasih.","Bidang Politik, Hukum, dan Keamanan",14,Kepolisian Republik Indonesia,45,Jawa Barat,12,Proses,1347251492,1341705943,1411445751,1343930401
23687,"Jalan Rusak Parah di Desa Trosono, Magetan.","Pak Menteri, mohon perbaiki jalan di Desa Trosono, Kecamatan Parang, Kabupaten Magetan, Jawa Timur yang rusak parah akibat ulah pengusaha tambang pasir. Terima kasih.",Infrastruktur,8,Kementerian Pekerjaan Umum,49,Jawa Timur,15,Selesai,1341828526,1341722471,1341828526,1344535201
23699,"MCK milik Sekolah di Desa Tiwu Riwung, Kabupaten Manggarai Barat diklaim PAMSIMAS","Untuk Kementerian Pekerjaan Umum, proyek Penyediaan Air Minum dan Sanitasi Berbasis Masyarakat (PAMSIMAS) di Desa Tiwu Riwung, Kabupaten Manggarai Barat, NTT penuh dengan rekayasa. MCK yang seharusnya adalah milik sekolah (dibangun oleh Komite) diklaim sebagai milik PAMSIMAS. Mohon tindakan dari Menteri Pekerjaan Umum.",Infrastruktur,8,Kementerian Pekerjaan Umum,49,Nusa Tenggara Timur,19,Selesai,1341828860,1341744326,1341828860,1343930401
23715,Biaya Pendaftaran Ulang di SMAN 01 Kecamatan Rawajitu Selatan yang Memberatkan,"Lapor! Di Kecamatan Rawajitu Selatan khususnya SMAN 01, proses daftar ulang kenaikan kelas dikenakan biaya sebesar Rp 450.000,00 per siswa. Kami sebagai wali murid merasa berkeberatan. Apakah kebijakan sekolah tersebut sesuai dengan instruksi Menteri Pendidikan?",Pendidikan,4,Kementerian Pendidikan dan Kebudayaan,416,Lampung,8,Selesai,1341829210,1341807081,1377246675,1378749611
23839,Guna dan Manfaat Nomor Pengaduan 9949 dan 1708,"Kalau nomor 9949 dan 1708 apa guna dan manfaatnya? Apakah hanya menampung keluhan, atau ada tindak lanjut penyelesaian masalah juga?",Reformasi Birokrasi dan Tata Kelola,3,UKP-PPP,778,Nasional,34,Selesai,1342062193,1342000259,1342062193,1343325602
23869,Masalah Tunjangan Profesi Guru Madrasah Non-PNS di Bogor,"Kpd Yth: Menteri Pendidikan dan Kebudayaan RI. Saya ACHMADI. Guru-guru Madrasah Non-PNS bersertifikat pendidik di Kabupaten Bogor selama berbulan-bulan belum menerima tunjangan profesi. Saya kuatir kejadian ini sebagai wujud ketidakseriusan SDM yg mengurus masalah ini. Guru yg PNS dapat gaji pokok, tunjangan kesejahteraan, tunjangan profesi, tunjangan anak istri, dst. Guru yang Non-PNS tidak mendapatkannya, kecuali tunjangan profesi yang sekarang juga belum jelas. Saya sangat berharap tunjangan profesi guru-guru Madrasah yang Non-PNS bisa segera dicairkan. Terima kasih.",Pendidikan,4,Kementerian Agama,253,Jawa Barat,12,Proses,1343023824,1342084512,1419836626,1349373601
23881,Pengaspalan Jalan Attaubah di Cibubur,Jalan Attaubah yang masuk dari Ciangsana Cibubur kapan bisa diaspal? Karena kalau hujan banyak kecelakaan.,Infrastruktur,8,Kementerian Pekerjaan Umum,49,Daerah Khusus Ibukota Jakarta,11,Selesai,1346814711,1342095059,1346814711,1347991201
195520,Pengurusan Perpindahan KTP di Petukangan Selatan Lambat,"Saya warga DKI Jakarta yang sedang mengurus perpindahan KTP suami saya ke DKI Jakarta, domisili asal suami dari depok. Saya ingin komplain dengan pelayanan Kelurahan Petukangan Selatan dan Kecamatan Pesanggrahan yang datang ke kantor siang bahkan tidak masuk sehingga proses terhambat dan tidak ada yang menggantikan untuk sementara waktu. Selain itu, mereka menunda pengetikan blangko yang hanya bisa dikerjakan 10 menit menjadi 1 hari penuh sehingga esok harinya baru bisa diproses kembali. Saya mohon untuk menertibkan PNS Kelurahan Petukangan Selatan dan Kecamatan Pesanggrahan.",Reformasi Birokrasi dan Tata Kelola,3,Dinas Kependudukan dan Pencatatan Sipil,787,Petukangan Selatan,277,Selesai,1381282629,1342305943,1381300472,1382551215
23966,Pungutan Biaya dalam Pembuatan KTP di Desa Miau Baru,"Untuk Menteri Dalam Negeri, kami bingung dengan aturan di negara ini. Katanya mengurus KTP gratis, tapi ternyata di tempat kami dipungut biaya Rp 50.000,00 per KTP. Mohon diperhatikan kami di Desa Miau Baru, Kecamatan Kongbeng, Kabupaten Kutai Timur.",Reformasi Birokrasi dan Tata Kelola,3,Kementerian Dalam Negeri,63,Kalimantan Timur,23,Selesai,1342433493,1342312282,1361783379,1395797892
23988,Kesulitan Solar/Bio-solar di Lintas Baturaja - Muara Bungo,"Jika mengisi solar di SPBU nomor 24.314.46 hanya dibatasi hingga Rp 200.000,-. Namun untuk orang yang sekampung dengan petugas SPBU, katanya baru bisa membeli hingga Rp 400.000,-. Tolong kami para supir Bus AKAP, bagaimana caranya mendapatkan solar/bio-solar jika melintas antara Baturaja (Sumatera Selatan)-Muara Bungo (Jambi)?",Energi dan Sumber Daya Alam,10,Badan Pengatur Hilir Minyak dan Gas Bumi,618,Sumatera Selatan,6,Selesai,1350455908,1342352036,1415774718,1416852018
24009,Masalah Pengangkatan CPNS Kategori 1,"Kapan CPNS Kategori 1 bisa diangkat menjadi PNS? Karena sudah sejak 2010 didata, sampai saat ini belum diangkat juga. Tolong Menteri PAN & RB untuk memperhatikan masalah ini.",Reformasi Birokrasi dan Tata Kelola,3,Kementerian Pendayagunaan Aparatur Negara dan Reformasi Birokrasi,260,Nasional,34,Selesai,1342497369,1342437161,1342497369,1348423201
24109,"Praktik Perjudian Liar di Tambora, Jakarta Barat","Yth. jajaran Kepolisian RI, Ass. Wr. Wb. bapak-bapak. Meneruskan informasi dari kami terdahulu mengenai perjudian di Jakarta Barat. Dari hasil pantauan kami, kesemua tempat perjudian sudah tiarap, kecuali CIN GUAN CS. yang beroperasi di Kampung Bebek Jembatan Dua, Tambora, Jakarta Barat yang tetap buka dari jam 14:00 s/d jam 07:00 tadi pagi. Mohon atensi pihak kepolisian untuk segera ditindak agar wibawa/citra POLRI tetap terjaga dan bulan Ramadhan tetap terjaga kesuciannya. Terima kasih. Wass. Wr. Wb..","Bidang Politik, Hukum, dan Keamanan",14,Kepolisian Republik Indonesia,45,Daerah Khusus Ibukota Jakarta,11,Selesai,1342698822,1342579792,1342698822,1352718315
24118,Masukkan agar dibentuk Tim Pengawas Uang Palsu,"Kepada Yth Menteri Keuangan, sehubungan dengan masalah peredaran uang palsu yang semakin marak maka saya mengusulkan agar dibuat Tim Pengawas Uang Palsu untuk menangani masalah tersebut. Terima kasih.",Topik Khusus,2,UKP-PPP,778,Nasional,34,Selesai,1351745851,1342598880,1431759737,1353002402
24180,Pernyataan terhadap Perilaku dan Kinerja Duta Besar Indonesia untuk Yaman,"Assalam, Dengan hormat kami lampirkan dokumen PDF ""Pernyataan Sikap terhadap Perilaku dan Kinerja Duta Besar Nurul Aulia yang ditandatangani oleh para mahasiswa/WNI di Yaman"". Kami mengharapkan bantuan supaya ""Pernyataan Sikap"" ini dapat disampaikan kepada Bapak Presiden Republik Indonesia. Surat ""Pernyataan Sikap"" ini untuk melengkapi 4 buah surat sebelumnya yang telah dikirimkan oleh para mahasiswa/WNI di Yaman yang berisi pengaduan terhadap sikap, perilaku, kinerja dan dugaan penyalahgunaan dan wewenang yang dilakukan oleh Dubes Nurul Aulia selama bertugas di Yaman, yang telah dikirimkan kepada Bapak Presiden RI. Kami mengucapkan terima kasih atas bantuannya. Wassalam.",Reformasi Birokrasi dan Tata Kelola,3,Kementerian Luar Negeri,246,Nasional,34,Selesai,1342703046,1342702685,1385559634,1386612024
24199,Listrik di Indragiri Hulu Mati Kembali,"Menyambut Bulan Ramadhan hari pertama kemarin, PLN di Indragiri Hulu kembali mati. Waktunya menjelang Magrib, tidak lama, ""HANYA"" 1 jam lebih. Sepertinya PLTG di sini sangat-sangat bermasalah!",Energi dan Sumber Daya Alam,10,Kementerian Badan Usaha Milik Negara (BUMN),54,Riau,4,Selesai,1343019676,1342780345,1343019676,1344967202
24202,"Sertifikasi Guru Madrasah di Ketapang, Kalimantan Barat","Kepada KEMENTERIAN AGAMA tolong, ini ada apa di KANDEPAG KAB. KETAPANG KALIMANTAN BARAT yaitu masalah SERTIFIKASI PARA GURU dilingkungan DEPAG seperti ada DISKRIMINASI. Masa' guru yang kerjanya seumur jagung sudah dapat SERTIFIKASI tapi guru yang masa kerjanya lama bahkan mau pensiun belum SERTIFIKASI dan saya mau tanya dimana letak keadilannya. Sekali lagi kepada KEMENTERIAN AGAMA tolong kami-kami ini jangan dijadikan tumbal DISKRIMINASI.",Reformasi Birokrasi dan Tata Kelola,3,Kementerian Agama,253,Kalimantan Barat,20,Proses,1343020133,1342793244,1419836544,1349373601
24222,Aturan Sertifikasi Guru,"Yth. Mendikbud, adilkah apabila guru non S-1, masa kerja 28 tahun dengan usia 50 tahun harus mundur dari sertifikasi. Sementara guru SD S-1 PAUD, masa kerja 4 tahun, usia 44 tahun bisa lolos. Aturan macam apakah ini....???!!! Astaghfirullahaladzim... - Adhy, Semarang.",Reformasi Birokrasi dan Tata Kelola,3,Kementerian Pendidikan dan Kebudayaan,416,Jawa Tengah,13,Proses,1343020337,1342831711,1360919281,
24224,Mangkirnya PT Asuransi Jiwa Sequislife di Bali dari Kewajiban Pembayaran Klaim,Kantor PT Asuransi Jiwa Sequislife di Bali menghindar dari kewajiban membayar klaim. Hal tersebut jelas melanggar ketentuan pasal 35 Keputusan Menteri Keuangan (KMK) RI No. 426/KMK.06/2003 tentang Perizinan Usaha dan Kelembagaan Perusahaan Asuransi. Mohon ditindak lanjuti.,Topik Khusus,2,Kementerian Keuangan,50,Bali,17,Selesai,1343203692,1342838930,1431753121,1359309602
24252,"Perbaikan Jalan Desa di Simalungun, Sumatera Utara","Yth. Kementerian PU, mohon bantuan perbaikan jalan yang berada di desa kami, di Desa Maligas Tongah, Kecamatan Tanah Jawa, Kabupaten Simalungun, Sumatera Utara. Kondisi jalan rusak parah sepanjang -+ 6 KM dari puluhan tahun yang lalu hingga sekarang tidak ada yg perduli untuk memperbaikinya. Terima kasih.",Infrastruktur,8,Kementerian Pekerjaan Umum,49,Sumatera Utara,2,Selesai,1346814754,1342922437,1346814754,1347991201
24262,Penyalahgunaan Hak Guna Usaha Hutan di Bengkulu Utara,"Lapor! Sewaktu ada razia gabungan, PT. API (Napal Putih, Bengkulu Utara) ternyata sudah mengeluarkan seluruh kayu olahan dari dalam gedungnya sebelum polisi gabungan datang. Hal itu menyebabkan hasil razia adalah nihil. Selain itu, PT. API telah menyalahgunakan Hak Guna Usaha (HGU)-nya yang seharusnya memproduksi triplek tetapi kenyataannya memproduksi juga kayu balok, papan kaso dan bahan kusen. Dalam hal pelanggaran ini, mereka bekerja sama dengan warga bernama Samiyono (mantan anggota dewan). Dapat diperiksa di rumahnya, terdapat tumpukan kayu yang akan dipasarkan oleh Samiyono. Dimohon kepada Menteri Kehutanan untuk segera menindak mereka dan secepatnya menurunkan tim penyelamat hutan demi menyelamatkan hutan kita. Dari Predi di Desa Tanjung Dalam.",Lingkungan Hidup dan Penanggulangan Bencana,11,Kementerian Kehutanan,209,Bengkulu,7,Selesai,1347272489,1342934427,1347272489,1352138402
24318,Uang Sertifikasi Guru SD Angkatan 2011 di Kutai Barat Belum Cair,"Sampai hari ini, Senin 23-07-2012, uang sertifikasi guru-guru SD Kutai Barat, yang menjadi peserta Pendidikan dan Latihan Profesi Guru (PLPG) angkatan 2011, belum cair. Mohon ditelusuri dan informasinya kepada kami yang belum dapat ini.",Pendidikan,4,Kementerian Pendidikan dan Kebudayaan,416,Kalimantan Timur,23,Selesai,1343022852,1343021411,1360914149,1361988005
24349,Kinerja Badan Kepegawaian Negara/Daerah yang Lambat,"Lapor! Kinerja Badan Kepegawaian Negara/Daerah sangat lambat dalam hal penyelesaian masalah honorer. Katanya menunggu PP keluar. Setelah PP keluar malah menunggu Jaklak/Juknis. Karena masalah tersebut, guru honorer bantu di DKI dirugikan. Terima kasih.",Reformasi Birokrasi dan Tata Kelola,3,Badan Kepegawaian Negara,9951,Daerah Khusus Ibukota Jakarta,11,Selesai,1408270038,1343138950,1409038513,1410112806
24375,Krisis Kedelai dan Solusinya: Sebuah Pertanyaan untuk Menteri Pertanian,"Wilayah Indonesia sangat luas akan tetapi kenapa pemerintah tidak dapat memenuhi kebutuhan kedelai dalam negeri sehingga harus mengekspor dari luar negeri? Apa sebenarnya yang terjadi dengan krisis kedelai di negara kita sekarang ini? Mohon penjelasan dari Menteri Pertanian dan tolong lakukan sesuatu, berikan solusi bagaimana caranya supaya kita dapat melaksanakan swasembada kedelai. Misalnya dengan pemanfaatan lahan-lahan tidur di luar Pulau Jawa. Terima kasih.",Pertanian,7,Kementerian Pertanian,250,Nasional,34,Selesai,1343204583,1343195503,1362537366,1363716005
24401,"Pasar Kebayoran Lama, Jakarta Menjadi Biang Macet","Pak Gubernur DKI, tolong pindahkan lokasi Pasar Kebayoran Lama. Banyak pedagang berjualan di badan jalan yang lalu menjadi biangnya macet. Mereka melanggar peraturan daerah yang dibuat oleh Pemda DKI. Ayo tegakan hukum!",Topik Lainnya,110,"Dinas Koperasi, Usaha Mikro, Kecil dan Menengah, dan Perdagangan",792,Kebayoran Lama,133,Selesai,1361158710,1343258506,1362110897,1363284004
24413,Anjloknya Harga TBS Kelapa Sawit di Riau,"Kepada pihak yang berwenang, kepada siapa kami harus melapor mengenai harga Tandan Buah Segar (TBS) kelapa sawit yang sekarang anjlok. Padahal harga minyak goreng naik, pupuk mahal dan pestisida juga mahal. Perlu diketahui bahwa petani hanya menerima Rp 1.000 untuk 1 kilogram TBS. Tolonglah petani sawit ini.",Pertanian,7,Kementerian Pertanian,250,Riau,4,Selesai,1343293798,1343290645,1362533698,1363716005
24445,Rekrutmen Honorer Daerah (HONDA) Kategori Dua di Minahasa Utara,Tolong tuntaskan rekrutmen Honorer Daerah (HONDA)ù kategori 2 di Sulawesi Utara (Kabupaten Minahasa Utara) sebab prosesnya sudah sejak tahun 2010 sesuai Surat Keputusan Menteri PAN & RB (yang pada saat itu dijabat oleh E. Mangindaan).,Topik Khusus,2,Kedeputian Bidang SDM Aparatur,10029,Sulawesi Utara,24,Proses,1343986595,1343363548,1431753102,1355995630
24457,Pemberlakuan Larangan Penggunaan BBM Bersubsidi bagi Kendaraan di atas 1500cc,"Yth Bapak Presiden dan Pak Menteri ESDM, mohon Bapak jangan ragu-ragu untuk memberlakukan pelarangan penggunaan BBM bersubsidi bagi kendaraan dengan tenaga minimal 1500cc tahun 2005 ke atas. Terima kasih!",Energi dan Sumber Daya Alam,10,Kementerian Energi dan Sumber Daya Mineral (ESDM),55,Nasional,34,Selesai,1343626675,1343370080,1343626675,1350293734
24500,"Tindak Lanjut Kasus Tumpahan Minyak di Montara, Laut Timor","Rekan-rekan Laut Timor, Canberra sudah memberikan tanggapan mengenai petaka polusi minyak di Laut Timor yang terlupakan, sementara Jakarta masih membisu seribu bahasa. Yayasan Peduli Timor Barat (YPTB) menyerukan: ""Demi keselamatan rakyat Timor Barat dan NTT, tidak ada jalan lain selain tuntutan hukum di pengadilan Australia untuk mempertahankan kebenaran bagi rakyat NTT agar tidak menjadi korban."" Salam!",Topik Khusus,2,Kementerian Perhubungan,44,Nusa Tenggara Timur,19,Selesai,1343637361,1343530074,1343637361,1345744801
24506,Penembakan oleh BRIMOB,"Pak Presiden dan Pak Kapolri, apa sebenarnya tugas dan kewajiban anggota Brigade Mobil (BRIMOB)? kenapa mereka (para anggota BRIMOB) malah menembaki rakyat? Atau jangan-jangan mereka mencari tambahan gaji dengan menjadi satuan pengamanan untuk perusahaan sawit? Apa hal tersebut memang dibenarkan? Kalau memang demikian lebih baik dibubarkan saja. Mohon Bapak sekalian bisa mengintrospeksi keadaan ini. Terima kasih.",Topik Khusus,2,Badan Reserse Kriminal,865,Nasional,34,Selesai,1343628439,1343557062,1431872171,1352718302
24511,Pertanyaan kepada Kemendikbud mengenai Uji Kompetensi Guru (UKG),"Setelah membaca beberapa referensi, ternyata Uji Kompetensi Guru (UKG) yang bersertifikasi tidak mempunyai dasar. Jika demikian kenapa Kementerian Pendidikan dan Kebudayaan tetap melakukan kegiatan tersebut? Apakah karena tidak ada kepercayaan dari Kemendikbud kepada Perguruan Tinggi Negeri (PTN) yang sudah ditunjuk sebagai lembaga pengelola Pendidikan dan Pelatihan Profesi Guru (PLPG)? Jika memang demikian sebaiknya UU Guru dan Dosen dicabut saja sehingga masalahnya tidak menjadi berlarut-larut.",Pendidikan,4,Kementerian Pendidikan dan Kebudayaan,416,Nasional,34,Selesai,1343621198,1343571978,1377246845,1378749611
24532,Masalah Status Pulau Lari larian/Lereklerekan di Selat Makassar,"Pak Presiden Yth, tolong tegakkan supremasi hukum di negara ini. Kami sebagai WNI yang berdomisili di Kalimantan Selatan tepatnya di Kabupaten Kotabaru, meminta kepada Bapak dan Menteri Dalam Negeri untuk secepatnya mengembalikan Pulau Lari larian atau Pulau Lereklerekan ke wilayah kami (Kabupaten Kotabaru) sesuai dengan putusan Mahkamah Agung. Kami mohon Menteri Dalam Negeri jangan memercikan api lagi pada masalah ini karena menurut media bahwa Mendagri akan mendaftarkan pulau tersebut ke PBB sebagai pulau nasional. Tolong tuntaskan masalah ini. Terima kasih.",Topik Khusus,2,Kementerian Dalam Negeri,63,Kalimantan Selatan,22,Selesai,1343625817,1343621907,1343625817,1350293556
24563,Dana Kesejahteraan Guru di Kutai Barat,Kami guru-guru di Kabupaten Kutai Barat (Kaltim) belum menerima Dana Kesejahteraan Guru sejak bulan Januari hingga Agustus. Mohon diperhatikan.,Bidang Kesejahteraan Rakyat,16,Kementerian Pendidikan dan Kebudayaan,416,Kalimantan Timur,23,Selesai,1343793492,1343694951,1343793492,1344329893
24603,Masukan terhadap Pembuatan Soal Uji Kompetensi Guru di Kalimantan Selatan,"Yth Mendikbud, saya peserta Uji Kompetensi Guru (UKG) yang berdomisili di Kalimantan Selatan. Ingin melaporkan bahwa dalam pelaksanaan ujian (terutama yang telah sertifikasi) selalu terjadi kesalahan dalam pengetikan dan pembuatan soal. Seringkali soal dengan jawaban benar-benar tidak nyambung sehingga membingungkan para peserta ujian. Belum lagi ada sebagian soal yang hilang dan tidak terekam. Hal tersebut membuat kami tidak dapat mengerjakan ujian dengan maksimal. Mohon diperhatikan, terima kasih.",Pendidikan,4,Kementerian Pendidikan dan Kebudayaan,416,Kalimantan Selatan,22,Selesai,1343880915,1343806894,1343880915,1345572002
24606,"Listrik Mati dan Jalanan Rusak di Panggul, Trenggalek","Untuk Bapak Dahlan Iskan (Menteri BUMN), kami sangat kecewa dengan kinerja PLN di daerah kami (Panggul, Kabupaten Trenggalek, Jawa Timur). Terjadi pemadaman listrik sehari 5 sampai 10 kali, yang terjadi setiap hari tanpa ada pemberitahuan dahulu sebelumnya. Dan kami juga mohon Bapak untuk menegur Gubernur Jawa Timur karena jalan provinsi Kabupaten Trenggalek - Kabupaten Pacitan via Panggul sudah hancur lebur tetapi tidak dilakukan perbaikan apapun. Terima kasih.",Infrastruktur,8,Kementerian Badan Usaha Milik Negara (BUMN),54,Jawa Timur,15,Selesai,1343892285,1343807161,1373720994,1347273704
24639,Diskualifikasi Pasangan Putri Indonesia di Olimpiade London 2012,"Yth Menteri Pemuda dan Olah Raga, KONI, serta PB PBSI, mohon berikan keterangan resmi serta pejelasan mengenai masalah didiskualifikasinya pasangan putri kita di Olimpiade London 2012 kepada seluruh bangsa Indonesia. Ini sungguh masalah yang serius dan harus ada yang bertanggungjawab supaya hal semacam ini tidak terulang lagi di kemudian hari.",Topik Khusus,2,Kementerian Pemuda dan Olah Raga,263,Nasional,34,Selesai,1343880051,1343864004,1431753139,1345140001
24646,Gangguan Keamanan di Daerah Senen,"Kepada Kapolri, saya minta tolong diperhatikan untuk masalah pengamen-pengamen yang ada di Terminal Senen sampai dengan Stasiun Kereta Senen karena keberadaannya sangat meresahkan. Mereka mengamen sambil mengancam sehingga mengganggu keamanan dan kenyamanan masyarakat pengguna angkutan umum (khususnya Metromini). Terima kasih.","Bidang Politik, Hukum, dan Keamanan",14,Kepolisian Republik Indonesia,45,Daerah Khusus Ibukota Jakarta,11,Selesai,1344851490,1343878735,1344851490,1364320805
24723,Kurangnya Tenaga Medis di RSUD Haji Abdoel Madjid Batoe di Kabupaten Batanghari,"Lapor! Rumah Sakit Umum Daerah (RSUD) Haji Abdoel Madjid Batoe yang beralamat di Jl. Prof. Dr. Srisudewi, Muara Bulian Kabupaten Batanghari-Jambi tidak mempunyai dokter jaga. Hal itu menyebabkan banyak pasien-pasien korban kecelakaan lalulintas serta pasien yang sakit (mendadak) dan gawat darurat tidak tertangani dengan seharusnya/terlantar. Mohon perhatian dan penanganan yang seharusnya. Terima kasih.",Kesehatan,5,Kementerian Kesehatan,118,Jambi,5,Selesai,1343962114,1343954386,1359616450,1348164001
24785,Jalan Rusak di Kelapa Gading,"Lapor! banyak jalan berlubang di Summarecon Kelapa Gading, Jalan Sumagung 3. Kemana saya harus melapor? Terima kasih.",Infrastruktur,8,Kementerian Pekerjaan Umum,49,Daerah Khusus Ibukota Jakarta,11,Selesai,1344851625,1344019252,1344851625,1346090401
24805,Penggunaan Solar Subsidi oleh Kontraktor di PTPN IV Unit Kebun Ajamu I,"Kepada Bapak Menteri BUMN, tolong segera ditindak, para kontraktor yang menggunakan solar subsidi di PT Perkebunan Nusantara IV, Unit Kebun Ajamu I. Terima kasih.",Topik Khusus,2,Kementerian Badan Usaha Milik Negara (BUMN),54,Sumatera Utara,2,Selesai,1344233790,1344083577,1431759525,1345399201
24877,Prosedur Tetap untuk Kepemilikan Senjata Api,"Yth Kapolri c/q Presiden RI, saya mohon Kapolri membuat Prosedur Tetap (PROTAP) mengenai kepemilikan senjata api baik internal maupun eksternal POLRI. Hal tersebut dikarenakan banyaknya kasus penembakan oleh polisi dalam kurun waktu belakangan ini. Dan jika oknum polisi melanggar atau menyalahi prosedur kepemilikan/penggunaan senjata api tersebut maka mohon diproses dengan hukum yang sebenar-benarnya. Hal lain yang ingin saya tanyakan (sehubungan dengan berita di Banjarmasin Post terbitan Senin 6 Agustus 2012) ada oknum Detasemen Khusus 88 (Anti Teror) POLRI yang ìbermainî batubara di Kabupaten Tanah Bumbu. Apakah hal tersebut memang dibenarkan? Terima kasih.","Bidang Politik, Hukum, dan Keamanan",14,Kepolisian Republik Indonesia,45,Kalimantan Selatan,22,Selesai,1344313082,1344247023,1344313082,1352718295
24907,Informasi untuk Uang Sertifikasi Guru Triwulan II Provinsi Jambi,"Assalamualaikum, kepada Menteri Pendidikan, apakah uang sertifikasi guru triwulan II tahun 2012 untuk Provinsi Jambi sudah cair? Mohon informasinya, terima kasih.",Pendidikan,4,Kementerian Pendidikan dan Kebudayaan,416,Jambi,5,Selesai,1344315358,1344298254,1344315358,1346176801
24927,Masalah Tunjangan Profesi Guru Non-PNS Triwulan II di Cilacap,"[6281728XXXX] Tunjangan Profesi Guru Non-PNS Triwulan II yg melalui BRI lambat, sampai sekarang Kabupaten Cilacap, Jawa Tengah belum cair sudah 5 bulan (APRIL-AGUSTUS 2012). Yang melalui BNI sudah cair pertengahan Juli 2012. Mohon keterangan dari kemdikbud terutama Pendidikan Dasar (DIKDAS). Trims. (Rasmun Guru Non PNS, di Cilacap).",Pendidikan,4,Kementerian Pendidikan dan Kebudayaan,416,Jawa Tengah,13,Selesai,1344315156,1344314909,1344315156,1347273772
24933,Pembongkaran Pasar Inpres Kebun Sayur,"Ass. Wr. Wb. Salam Bapak Menteri Dalam Negeri RI, nama saya Ahkmad Yaser. Saya mewakili pedagang Pasar Inpres Kebun Sayur di Kalimantan Timur ingin minta tolong kepada Bapak. Saya pedagang kecil, buat makan saja susah. Yang jadi masalah, pasarnya mau dibongkar. Sedangkan keadaannya masih bagus Pak, dan layak. Yang ngotot mau membongkar adalah PT Guser Mitra Sejahtera dan pemerintah. Andai jadi dibongkar, yang bisa menebus cuma 25% saja. Rumah saja masih banyak yang kontrak Pak. Tolong saya rakyat kecil. Alamat lengkapnya: Pasar Inpres Kebun Sayur, Jl. Let. Suprato, KALTIM 76131.",Bidang Kesejahteraan Rakyat,16,Kementerian Perdagangan,65,Kalimantan Timur,23,Selesai,1344845354,1344321239,1344845354,1346176801
25005,Buruknya Penanganan RASKIN,"Beras untuk Rakyat Miskin (Raskin) berbau apek dan berkutu selalu terjadi berulang-ulang. Kasihan rakyat tidak dimanusiakan. itu merupakan bukti puluhan tahun pengelolaan RASKIN yang tidak baik oleh Bulog, tidak berinisiasi continous improvement demi public service satisfaction. Apa masalah sebenarnya? Terima kasih.",Pertanian,7,Perum Bulog,282,Nasional,34,Selesai,1344852439,1344603778,1383874176,1384970424
25111,Uang Operasi Pengamanan (PAM) Ketupat,"Pak Kapolri, uang Operasi Pengamanan (PAM) Ketupat, bagaimana caranya supaya benar-benar utuh sampai ke tangan prajurit di bawah, tanpa ada pengurangan? Terima kasih.",Bidang Kesejahteraan Rakyat,16,Kepolisian Republik Indonesia,45,Nasional,34,Proses,1344832931,1344823137,1435040645,1352743201
25115,Permohonan Informasi e-KTP Jabodetabek,"Saya mau tanya, e-KTP untuk warga Jabodetabek jadinya kapan ya? Di mana masyarakat bisa mendapatkan informasi ya? Saya warga Tanah Baru, Bogor Utara.",Reformasi Birokrasi dan Tata Kelola,3,Kementerian Dalam Negeri,63,Jawa Barat,12,Selesai,1344841094,1344840672,1361788743,1362679205
25116,Lampu Lalu Lintas Mati di Sekitar Istana Kepresidenan,"Lampu lalu lintas di sekitar Istana Kepresidenan, tepatnya di Jalan Veteran, Jakarta kok sering mati? Sangat menyulitkan dan membahayakan bagi pejalan kaki untuk menyeberang. Mohon diperhatikan dan dibenahi. Terima kasih.",Topik Khusus,2,Kepolisian Republik Indonesia,45,Daerah Khusus Ibukota Jakarta,11,Selesai,1344841468,1344840752,1431759727,1364320805
25132,Jalan Lintas Sumatera yang Rusak,"Lapor! Jalan lintas Sumatera tepatnya di Kabupaten Kampar (Riau) dari Ujung Batu Rokan sampai dengan Sp. Gelombang banyak sekali lubang dan sering terjadi kecelakaan. Keadaan seperti itu sudah berlangsung bertahun-tahun. Hanya pada saat menjelang Lebaran saja repot-repot diperbaiki, memangnya jalanan hanya dipakai saat Lebaran saja! Tanggung jawab siapa itu? Apakah ada kendala dana atau bagaimana? Mohon ditanggapi dan segera dilakukan perbaikan.",Infrastruktur,8,Kementerian Pekerjaan Umum,49,Riau,4,Selesai,1344932265,1344860013,1344932265,1346176801
25256,Surat Keputusan Bersama 5 Menteri,"Yth Bapak-bapak Menteri yang mengeluarkan Surat Keputusan Bersama (SKB) 5 Kementerian tentang Pemetaan dan Pemerataan Guru, laporan ini adalah untuk menyikapi apa yang terjadi dan menjadi keresahan di kalangan guru (Oemar Bakrie) tentang hal SKB tersebut. Dengan dibuatnya SKB 5 Kementerian tersebut, pemerintahan kita menjadi sentralistik dan otoristik penuh. Pemerintah pusat lebih dominan dalam mengatur dan menempatkan guru di tiap daerah. Padahal yang mengetahui dengan pasti mengenai kebutuhan tenaga guru di tiap daerah adalah pemerintah daerah tersebut. Lalu jika hal tersebut ditangani pemerintah pusat, bukankah akan terjadi tumpang tindih? Masalah lain adalah mengenai sanksi. Bagi guru yang beban mengajarnya tidak mencapai 24 jam dalam seminggu, maka tunjangan sertifikasinya akan dihentikan (tidak dicairkan). Bagaimana Indonesia bisa sukses mencanangkan Wajib Belajar 12 tahun jika demikian keadaannya? Mohon penjelasan lebih lanjut. Terima kasih.",Pendidikan,4,Kementerian Pendidikan dan Kebudayaan,416,Nasional,34,Selesai,1346404441,1345025380,1346404441,1351015202
25271,Pencairan Tunjangan Sertifikasi Guru,"Nama saya Nurhadi, S. Pd. Saya adalah seorang guru yang saat ini mengajar di SMK Yudya Karya, Magelang. Saya lulus Pendidikan dan Pelatihan Profesi Guru (PLPG) tahun 2010. Saya adalah guru pindahan dari SMK Jenderal Bambang Sugeng (JBS) Temanggung, dengan Nomor Unik Pendidik dan Tenaga Kependidikan (NUPTK) 5546747651200013 dan nomor peserta 10032358610619. Saya ingin melaporkan bahwa saya belum menerima kekurangan pembayaran pencairan tunjangan sertifikasi tahun 2011 (sudah 1 tahun). Rekening BNI saya atas nama Nurhadi dengan nomor: 024895568. Mohon bantuannya untuk ditindak lanjuti. Terima kasih.",Pendidikan,4,Kementerian Pendidikan dan Kebudayaan,416,Jawa Tengah,13,Selesai,1346646951,1345031480,1358909356,1360087202
25294,Indikasi Korupsi Dana PAM Operasi Ketupat,"Lapor! Uang PAM operasi ketupat sudah diterima seluruh anggota di Polres Subang, Jawa Barat sebesar Rp 230.000.- per anggota untuk selama 14 hari. Sedangkan dalam daftar yang diteken adalah sebesar Rp 825.500.- per anggota. Jumlah personil Polres Subang sebanyak 1.132 personil, dan yang dilibatkan dalam sprint sebanyak 800-an personil.",Korupsi,22,Kepolisian Republik Indonesia,45,Jawa Barat,12,Selesai,1345108262,1345098349,1431607218,1353866401
25560,Lahan Usaha untuk 900 Keluarga Transmigran,"Kami aliansi warga transmigrasi: Mohon kepada Menteri Tenaga Kerja & Transmigrasi untuk segera memberikan hak kami yaitu lahan usaha 1800 Hektar untuk 900 Kepala Keluarga karena kami sudah 7 tahun menunggu. Seperti dijanjikan MoU tahun 2005 di Kawasan Kota Terpadu Mandiri (KTM) Kab. Ogan Ilir, Sumatera Selatan bahwa kami akan diberikan lahan 2,25 Ha dan disertifikasikan. Terima kasih.Terima kasih.",Bidang Kesejahteraan Rakyat,16,"Kementerian Desa, Pembangunan Daerah Tertinggal, dan Transmigrasi",261,Nasional,34,Belum,1434481643,1345647520,1434481643,1354644001
25581,Masalah Penempatan Pegawai dalam Jabatan,"Untuk diteruskan kepada Menteri PAN & RB, untuk masalah penempatan pegawai dalam jabatan, sebaiknya harus disesuaikan dengan latar belakang pendidikan masing-masing. Hal tersebut juga harus dikuatkan dengan Peraturan Pemerintah (PP) atau Keputusan Menteri (KEPMEN), karena jika tidak demikian maka tidak akan berjalan sistemnya (terlebih lagi di daerah). Terima kasih.",Reformasi Birokrasi dan Tata Kelola,3,Kementerian Pendayagunaan Aparatur Negara dan Reformasi Birokrasi,260,Nasional,34,Selesai,1345804561,1345698505,1345804561,1348423201
25606,Kasus Dana Pinjaman Koperasi Dharma Tirta di Brebes,"Lapor! Koperasi Dharma Tirta yang beralamat di Desa Kretek RT 11/RW 04, Kecamatan Paguyangan, Kabupaten Brebes, Jawa Tengah telah menerima pinjaman dari Dinas Pertanian Kabupaten Brebes lewat Gabungan Kelompok Tani (GAPOKTAN). Akan tetapi para pengurusnya hingga sekarang tidak pernah membuat Surat Pertanggungjawaban (SPJ). Diduga dana pinjaman sebesar Rp 100 juta tersebut dipakai secara pribadi oleh pengurusnya (dalam hal ini ketuanya). Untuk itu kami mohon diperiksa secara langsung atau didelegasikan kepada Bupati Brebes untuk ditindak. Terima kasih. Kami dari warga masyarakat Desa Kretek.",Korupsi,22,Kementerian Koperasi dan Usaha Kecil Menengah,258,Jawa Tengah,13,Selesai,1346821493,1345766858,1352693883,1353866401
25659,Pembayaran Pajak Kendaraan Bermotor,"Lapor! Untuk pembayaran pajak kendaraan bermotor di kantor SAMSAT, seringkali jumlah yang tertera di STNK tidak sesuai dengan jumlah yang harus dibayarkan. Misalnya; di STNK tertera Rp 234.500,- (untuk kendaraan roda dua) akan tetapi jumlah yang dibayarkan bisa selisih Rp 50.000,- (atau lebih) dan ini biasanya terjadi di hampir semua kantor SAMSAT. Apakah ini tidak termasuk korupsi? Coba dibayangkan, dalam 1 hari ada berapa orang yang membayar pajak di seluruh Indonesia.",Reformasi Birokrasi dan Tata Kelola,3,Kepolisian Republik Indonesia,45,Nasional,34,Proses,1346401044,1345891985,1407934309,
25667,Nasib Siaran TVRI,TVRI jaringannya rusak dan tidak pernah diperbaiki tapi kok tetap siaran? Mohon segera dibenahi! Sering kali terdapat gangguan siaran tiba-tiba mati. Bisakah dijelaskan apa ada kendalanya?,Topik Khusus,2,Kementerian Komunikasi dan Informatika,255,Nasional,34,Selesai,1346122286,1345948862,1431759724,1348077602
25674,"Pengurusan Sertifikat Tanah di Rengat, Riau","Saya tengah mengurus sertifikat tanah di BPN Rengat, Kabupaten Indragiri Hulu. Sudah semua persyaratan administrasi kami selesaikan. 50 persen biaya sudah kami bayar. Namun sudah lebih dari 4 bulan belum jadi juga. Apa memang dibutuhkan waktu yang begitu lama untuk membuat sebuah sertifikat tanah? Terima kasih",Reformasi Birokrasi dan Tata Kelola,3,Kementerian Agraria dan Tata Ruang / BPN,52,Riau,4,Selesai,1346055155,1345976263,1358498259,1359655202
25723,Fasilitas Telepon Umum di Pulau Flores,"Saya pengguna jalan provinsi di Pulau Flores NTT ketika mudik Lebaran kemarin. Dalam perjalanan dari Manggarai Barat hingga Ende, saya melewati sekitar 10 papan yang menunjukkan tersedianya telepon umum pada jarak kurang lebih 1 KM, seperti terlampir. Namun selama perjalanan, saya tidak dapat menemukan telepon umum tersebut. Saya rasa hal ini disebabkan oleh tidak adanya papan lagi yang menunjukkan keberadaan telepon umum tersebut. Bagaimana pengguna jalan dapat mengetahui keberadaan telepon umum tersebut? dan mungkinkah diberikan papan lagi? karena pasti akan berguna bagi pelancong yang melewati Flores, karena sulit sekali sinyal HP disana. Terima kasih.","Pembangunan Desa, Daerah Tertinggal, Terdepan, Terluar, dan Transmigrasi",12,Kementerian Komunikasi dan Informatika,255,Nusa Tenggara Timur,19,Proses,1346049846,1346038544,1393823302,1348077602
25738,Perbaikan Jalan di Desa Cunca Lolos,"Perbaikan/pelebaran Jalan Provinsi NTT di Pulau Flores, tepatnya di Desa Cunca Lolos, Manggarai Barat seperti tidak giat untuk dikerjakan. Hanya terlihat dua truk pengeruk dan dua orang pekerja. Mengapa pusat tidak mempekerjakan lebih banyak SDM, agar perbaikan cepat selesai dan tidak mengganggu perlintasan? Kapan rencana diselesaikan, dan apakah ada kendala?",Infrastruktur,8,Kementerian Pekerjaan Umum,49,Nusa Tenggara Timur,19,Selesai,1346056905,1346056662,1346056905,1347559201
25743,Maraknya Pungutan Liar di Bea Cukai Tanjung Priok,Pungutan liar di Bea Cukai Tanjung Priok khususnya di bagian penerimaan dokumen import (pendok) semakin marak. Hal itu disebabkan kerani & kurir juga berprofesi sebagai calo bea cukai.,Reformasi Birokrasi dan Tata Kelola,3,Kementerian Keuangan,50,Daerah Khusus Ibukota Jakarta,11,Selesai,1352718221,1346059940,1358016563,1358791201
25813,Kasus Penyiksaan Orangutan,"Saya cukup prihatin melihat berita pembakaran orang hutan karena mereka tidak mau dipindahkan dari tempatnya. Dengan alasan apapun mereka berhak memperoleh penghidupan dan tempat tinggal bukan malah diambil hak tinggalnya untuk perkebunan atau semacamnya (kejadian seperti ini sangatlah banyak, di Kalimantan, kebetulan ini saja yang terekspos). Undang-Undang RI No. 5 Tahun 1990 tentang Konservasi Sumber Daya Alam Hayati dan Ekosistemnya sudah lama terbit dan hanya berada di lembaran negara saja tanpa ada implementasinya. Ada lagi Peraturan Perlindungan Binatang Liar No.233 Tahun 1931, UU No 5 Tahun 1990, SK Menhut No. 301 Tahun 1991 dan PP No.7 Tahun 1999 serta yang paling baru P.53/Menhut-IV/2007 tentang Strategi dan Rencana Aksi Konservasi Orangutan Indonesia. Bagaimana presiden merespon isu orang hutan tersebut? Jangan sampai alasan otonomi daerah menjadi penghalang untuk menyelesaikan isu krusial yang tidak pernah selesai; manusia vs penghuni hutan yang sudah diambil habitat tinggalnya. Kalaupun sudah diprovide tempat untuk mereka, kenapa kejadian seperti ini masih saja terjadi? Mengapa tidak ada pengaturan bagi mereka yang menyiksa satwa ini? Kalaupun ada polisi hutan, bagaimana kerja polisi hutan tersebut? Atau misalkan wewenang penanganan ini ada di daerah, kenapa presiden tidak bekerja sama dengan Kementerian Dalam Negeri untuk membuat punishment atau aturan yang bisa benar-benar berjalan untuk ini? silakan cek beritanya di http://foto.news.viva.co.id/read/7864-evakuasi-orangutan-sekarat . Terimakasih",Lingkungan Hidup dan Penanggulangan Bencana,11,Kementerian Kehutanan,209,Nasional,34,Selesai,1347270385,1346207394,1347270385,1352138402
25945,"Biaya Akta Kelahiran di OKU Timur, Sumatera Selatan, Capai 1 Juta","Kepada Kementerian Dalam Negeri, masyarakat Ogan Komering Ulu (OKU) Timur, Sumatera Selatan resah dengan mahalnya biaya pembuatan Akta kelahiran yang mencapai 1 jutaan. Bukankah adalah hak WNI sesuai amanah UUD 45 untuk mendapatkan Akta tersebut? Mohon petunjuk yang sebenarnya dan solusinya. Dari Suyoto, OKU Timur, Sumatera Selatan.",Reformasi Birokrasi dan Tata Kelola,3,Kementerian Dalam Negeri,63,Sumatera Selatan,6,Selesai,1347605751,1346597740,1360232980,1395798307
25976,Masukan Partisipasi Masyarakat dalam Penanggulangan Terorisme,"Yth. BNPT, kami ingin memberi masukan bahwa untuk mempersempit ruang gerak terorisme, alangkah baiknya bila melibatkan RT, RW, Kepala Desa/Lurah untuk ikut mengawasi kegiatan yang mungkin mencurigakan di wilayahnya. Hal ini akan lebih efektif. Apakah sudah ada program seperti itu, sehingga kami dapat turut berpartisipasi? Insya allah sukses dan teroris mudah tertangkap. Terima kasih.","Bidang Politik, Hukum, dan Keamanan",14,Badan Nasional Penanggulangan Terorisme,781,Nasional,34,Selesai,1348835863,1346718763,1348835863,1350583202
26025,"E-KTP di Tangerang Belum Jadi, KTP Lama Sudah Mati","Ass. Wr. Wb. Bapak, untuk di wilayah Tangerang, E-KTP belum jadi. Ada sebagian warga yang KTPnya sudah mati. Padahal sudah 6 bulan warga telah menunggu dan sudah tuntas melakukan perekaman E-KTP (foto) di Kecamatan. Mohon informasinya. Terima kasih.",Reformasi Birokrasi dan Tata Kelola,3,Kementerian Dalam Negeri,63,Banten,16,Selesai,1346997254,1346849077,1361792707,1362679205
26224,"Indikasi Kolusi dan Nepotisme di Buton, Sulawesi Tenggara","Saat ini di Pemda Kabupaten Buton, Sulawesi Tenggara, telah terjadi Kolusi, Nepotisme & Koncoisme khususnya di bidang kepegawaian. Sebagai contoh, seseorang baru 4-5 tahun menjadi PNS sudah diangkat menjadi pejabat hanya karena kerabat dekat. seperti yg terjadi pada kepala kantor SKB Kabupaten buton, Kepala Kelurahan Mawasangka, dst. Dan ini terjadi disemua bidang, hal ini sungguh membuat tdk nyaman bagi PNS lainnya. Apakah terdapat prosedur penyidikan atas praktik ini, dan apa yang bisa saya laporkan sebagai barang bukti? Terima kasih pak, semoga negara kita menjadi negara yang tangguh dan dapat diperhitungkan di mancanegara.",Reformasi Birokrasi dan Tata Kelola,3,Kementerian Dalam Negeri,63,Sulawesi Tenggara,27,Selesai,1347421806,1347416573,1361790618,1395798011
26248,Kinerja Kemenpora dalam Pelaksanaan PON,"Bagaimana ini kinerja Kementerian Pemuda dan Olahraga? Katanya Pekan Olahraga Nasional (PON) siap dilaksanakan, buktinya sampai hari ke-5 masih ada perbaikan venus dimana-mana?! Apa penjelasannya? Makanya Pak Menteri jika beri komentar sesuai kondisi dong... Jangan membodohi rakyat... Berarti Pak Menteri tidak profesional dalam bekerja!!",Bidang Kesejahteraan Rakyat,16,Kementerian Pemuda dan Olah Raga,263,Nasional,34,Selesai,1347626511,1347617703,1347626511,1349200802
26276,Pengumuman Honorer Kategori 2,"Kpd. Yth. KEMENPANRB, tolong pak kami tenaga honorer tahun 2006 dicarikan solusinya, karena kami bekerja sampai sekarang tidak digaji. Padahal anggaran untuk setiap daerah selalu ada dari pemerintah. Kenapa di Kabupaten Ogan Komering Ulu (OKU) Selatan tidak ada anggaran. Saya sempat memasukan berkas pada pendataan untuk Kategori 2 pada April 2012 lalu, namun apa pengumuman selanjutnya? Kasihani kami yang sudah berkeluarga Pak. Terima kasih.",Reformasi Birokrasi dan Tata Kelola,3,Kementerian Pendayagunaan Aparatur Negara dan Reformasi Birokrasi,260,Sumatera Selatan,6,Selesai,1347689325,1347684065,1412750756,1413828007
26338,Proses Perpanjangan Paspor di Kantor Imigrasi Jakarta Barat,"Kementerian Kemkumham yang baik, Mengapa di Kanim Jakarta Barat proses perpanjang paspor lama sekali? 1 loket proses kerjanya bisa sampai 2 jam. Kalau di loket ""travel biro"" sepertinya bisa cepat. Apakah ini bentuk lain calo yang terinstitusi? Mohon ada pemeriksaan di Kantor Imigrasi Jakarta Barat. Berikut kurang lebih kronologisnya: Jam 7.30 saya datang, sudah ada antrian dari luar. Saya beli map dan sarung paspor di ruang sebelah fotokopi seharga Rp 7.000. Ketika saya minta tanda terima, dijawab ""tidak ada, pak"" Jam 8.00 antrian sudah mulai bergerak Jam 8.30 dapat nomor antrian. Saya menunggu di ruang tunggu. Saya hitung waktu proses di loket online 2 menit lebih lama dari loket lainnya. Padahal loket online hanya ada 1. Jam 9.30 Saya dipanggil di loket pendaftaran online. Pengurusan di loket selesai dalam waktu 30 menit karena fotokopi KK dan akta kelahiran saya kurang jelas, harus di fotokopi ulang. Jam 10.00 Saya menunggu di ruang tunggu loket pembayaran. Jam 11.30 Saya dipanggil. Membayar 227.000, semua jelas tanda terimanya Saya melanjutkan menunggu di ruang tunggu wawancara. Sampai jam 12.30, nomor antrian tidak bergerak di nomor 24, padahal saya antrian ke 51. Dari 6 meja wawancara, hanya 2 yang beroperasi, 4 lainnya bahkan lampunya mati. saya tidak lanjut mengurus karena sudah masuk istirahat siang dan saya harus kembali ke kantor. Terima kasih untuk perhatian dan follow up nya. Saya tunggu tanggapannya. Salam, Rahman Adi Pradana",Reformasi Birokrasi dan Tata Kelola,3,Kementerian Hukum dan HAM,248,Daerah Khusus Ibukota Jakarta,11,Selesai,1347930093,1347864483,1355474215,1356631202
26339,Kinerja SAMSAT Jakarta Pusat,"Kepolisian RI yang baik, Saat mengurus STNK yang hilang di SAMSAT Jakarta Pusat, adik saya harus membayar pungutan liar (pungutan tanpa tanda terima) sampai Rp 150.000. Ketika saya melanjutkan mengurus, saya juga diminta pungli, tapi ketika saya minta tanda terimanya, pungli tersebut tidak jadi diminta. Saya hanya membayar Rp 75.000 sesuai dengan ketentuan, beserta tanda terimanya. Saya juga melihat ada pemohon (sepertinya calo) bisa dengan mudah masuk ke ruangan petugas, menyapa para petugas, dan memasukkan dan mengambil dokumen dari meja petugas dengan mudah. Apakah Calo benar-benar telah diberantas? Mohon ada tindakan dan pemeriksaan di Samsat Jakarta Pusat. Terima kasih untuk perhatian dan tanggapannya. Rahman Adi Pradana",Reformasi Birokrasi dan Tata Kelola,3,Kepolisian Republik Indonesia,45,Daerah Khusus Ibukota Jakarta,11,Proses,1347955628,1347864744,1355287848,
26382,"Pengerjaan Betonisasi yang Mengganggu Masyarakat di Grobogan, Jawa Tengah","Kepada Kementerian Pekerjaan Umum, tolong pengerjaan infrastruktur di daerah jangan ngawur dan tolong serius sedikit. Bayangkan, betonisasi 2 meter di Desa Nraji, Kecamatan Purwodadi, Kabupaten Grobogan, Propinsi Jawa Tengah sudah dilakukan selama 4 bulan. Hal ini sangat mengganggu masyarakat sekitar dengan debunya dari proyek, dan juga menyebabkan antrian kendaraan.",Infrastruktur,8,Kementerian Pekerjaan Umum,49,Jawa Tengah,13,Selesai,1347952317,1347938042,1347952317,1349373601
26434,Kajian Upah bagi Karyawan Outsourcing,"Salam Merdeka Bapak Menakertrans! Sekarang ini perusahaan Outsourcing (Alihdaya) semakin terus bertambah dan semakin berkembang Bapak, dengan pemberian gaji yang jauh lebih rendah dari kebutuhan hidup saat ini. Apakah ada kajian lebih lanjut tentang hal itu, dan apakah ada rencana kenaikan upah/gaji atau bahkan penghapusan outsourcing? Atas perhatian Bapak saya ucapkan terima kasih. Wassalam.","Perdagangan, Perindustrian, Iklim Usaha, dan Investasi",9,Kementerian Ketenagakerjaan,252,Nasional,34,Proses,1348203488,1348057071,1430844006,1354644001
26499,Penggusuran Paksa Lahan oleh Perusahaan Tambang dan Sawit di Kutai Barat,"Seolah tidak bergeming atas penolakan warga, PT. Munte Waniq Jaya Perkasa (MWJP) tetap saja menggusur lahan warga. Sudah berbagai cara dilakukan untuk menghentikan operasional perusahaan ini sampai didapati kata sepakat atau penyelesaian konflik antara masyarakat-perusahaan, bahkan telah lapor sampai ke Kapolda. Hari ini laporan via telepon dari petinggi Desa Muara Tae, Kabupaten Kutai Barat, Kalimantan Timur, Bapak Masrani kepada Ibu M. Seting Beraan, Ketua BPH AMAN Kaltim berbunyi sebagai berikut: ""Bu, pagi ini kami mendengar laporan warga yang berjaga bahwa MWJP menggusur lahan lagi, lahan yang digusur adalah lahan yang sudah kami dirikan pondok jaga agar perusahaan tidak menggusur sembarangan lahan yang tidak pernah kami jual atau hibahkan kepada mereka. Dilapangan kami menjumpai dua buldozer sedang bekerja, kami tahan dan kuncinya kami ambil sebagai bukti keberatan kami. Kami akan melaporkan kasus ini ke Kapolsubsektor Jempang agar penggusuran paksa ini segera dihentikan. Kalau bisa tindak Bapak Mathias sang manager umum PT. MWJP yang dengan sengaja mengabaikan keberatan kami, beberapa kali kami kirim surat penolakan dan coba menemui dia tapi tak pernah berhasil. Jadi kami melihat tidak ada niat baiknya ikut menyelesaikan permasalahan ini. Menahan kunci buldozer adalah salah satu cara kami memberitahukan kepada perusahaan MWJP agar berhenti! dan datang ambil sendiri kuncinya ke kampung agar bisa ketemu kami utk bicarakan tentang penyelesaian konflik ini"" Selain PT. Munte Waniq Jaya Perkasa (MWJP) beropersi juga PT. Borneo Surya Mining Jaya (BSMJ) yang turut menggusur tanah warga secara paksa. Kebanyakan warga yg digusur tidak pernah menyerahkan tanahnya kepada kedua perusahaan ini. Sehingga ketika penggusuran terjadi mereka kaget dan marah. Beberapa kali perusahaan didatangi tapi tak ada penyelesaian yang jelas dan tak ada komitmen dari kedua perusahaan ini untuk menyerahkan kembali tanah masyarakat yang digusurnya. Masyarakat kerap menghentikan operasional perusahaan di lapangan karena menggusur lahan mereka dengan semena-mena, ketika dihentikan para sub-kontraktor yg bergerak dilapangan berdalih hanya mengikuti perintah pimpinan, dan setiap kali pimpinan dihubungi, selalu non-aktifkan hapenya atau susah dihubungi di camp perusahaan. Sudah dua tahun kasus ini berlarut terjadi dan tak pernah dicapai kata sepakat antara perusahaan dengan warga yg keberatan atas tindakan mereka, bahkan sekarang kedua perusahaan menggunakan aparat brimob utk menjaga operasional mereka dilapangan agar tidak dihentikan oleh masyarakat. Cara-cara yang ditempuh perusahaan dalam beroperasi ini adalah bentuk pelanggaran hukum dan HAM, untuk itu kedua perusahaan ini harus ditindak secara hukum oleh aparat keamanan, bukan justru berpihak pada perusahaan. Link terkait berita kasus ini: http://www.amankaltim.blogspot.com/search/label/Kasus Ketidakadilan terhadap Masyarakat Adat http://dprd-kaltimprov.go.id/berita/436/soal-himbauan-menutup-operasi-pt-munte-waniq-jaya-perkasa.html http://www.poskotakaltim.com/berita/read/14651-Lahan Adat Kampung Muara Tae Tinggal Kenangan http://pekanbaru.tribunnews.com/2011/11/21/lahan-adat-muara-tae-dirampas-warga-mengadu-ke-dprd http://www.greenradio.fm/news/1-latest-news/7316-hutan-adat-diduga-dirampas-perusahaan-asal-malaysia http://www.tribunnews.com/2011/11/21/lahan-adat-muara-tae-kutai-barat-dirampas http://winnipeg.rimanews.com/read/20111113/46367/aliran-dana-asing-masuk-ke-perusahaan-sawit-pt-munte-waniq-jaya-perkasa Hari ini setelah melapor ke kantor Kapolsubsektor Jempang, rupanya laporan warga Muara Tae ditolak dengan alasan tidak ada petugas jaga, saat itu yang ada hanya Kapolsek, beliau menolak menerima laporan karena petugas jaga sedang berada di camp baru. Saat menelepon petugas jaga minta warga menyusul ke camp baru (camp milik PT. Gunung Bayan), tetapi warga tetap menunggu mereka kembali ke posnya. namun ketika mereka kembali ke posnya, laporan ditolak dengan alasan tidak ada bukti. Dengan kecewa masyarakat Muara Tae memutuskan melaporkan ke Polres di Barong Tongkok (Ibu Kota Kabupaten Kutai Barat, nama lainnya Sendawar), namun laporan mereka juga ditolak dengan alasan laporan tersebut berupa laporan lisan tanpa surat keterangan. Bagaimana pemerintah dan seluruh jajaran terkait menyikapi situasi ini?","Bidang Politik, Hukum, dan Keamanan",14,Kepolisian Republik Indonesia,45,Kalimantan Timur,23,Proses,1349672048,1348302453,1352689259,
26512,Pertanyaan Tentang Aktivitas Ombudsman,Apa sih yang dimaksud dengan OMBUDSMAN? Saya orang awam yang tidak mengerti tentang aktivitas OMBUDSMAN di masyarakat. Mohon informasi mengenai Ombudsman secara lebih jauh & jelas. Terima kasih.,Reformasi Birokrasi dan Tata Kelola,3,Ombudsman Republik Indonesia,776,Nasional,34,Selesai,1348639339,1348363314,1363589989,1364752804
26571,Akses Penyeberangan di Lenteng Agung,Lapor! Setiap pagi jalan raya Lenteng Agung depan stasiun selalu macet karena penyeberang jalan. Mungkin pemerintah bisa membuat akses penyeberangan yang efektif dan juga aman. Terima kasih.,Infrastruktur,8,Kementerian Pekerjaan Umum,49,Daerah Khusus Ibukota Jakarta,11,Selesai,1348638051,1348563475,1348638051,1349892002
26587,Penambahan Bus Trans Jakarta,"Masalah kemacetan di Jakarta, mohon Pak Jokowi sebagai gubernur yang terpilih, benar-benar bisa menambah Bus Trans Jakarta sesuai janji (1.000 buah dalam kampanyenya) agar penumpang tidak menumpuk di halte. Dengan demikian pengguna kendaraan pribadi akan secara otomatis tergerak memakai Trans Jakarta.",Infrastruktur,8,Pemerintah Provinsi DKI Jakarta,11,Daerah Khusus Ibukota Jakarta,11,Selesai,1352875223,1348646882,1355458717,1354471201
26588,Realisasi Hutan Tanaman Rakyat (HTR) Tersendat di Asahan,"Kepada Yth. Menteri Kehutanan di Jakarta, tolong kami Koperasi Tani Hutan Makmur di Desa Silo Baru, Kecamatan Silau Laut, Kabupaten Asahan, Sumatera Utara, yang telah mendapat SK Menhut RI No. SK.381/MENHUT-II/2011 (18 Juli 2011) tentang Pencadangan Areal untuk Pembangunan Hutan Tanaman Rakyat seluas 335 Ha di Asahan (sebagai respon atas usulan Bupati Asahan No. 522/1669 tanggal 8 Maret 2010 tentang Usulan Lokasi Pencadangan Pembangunan HTR). Namun hingga sekarang, Badan Pemantauan dan Pemanfaatan Hutan Produksi (BP2HP) Sumatera Utara masih belum memverifikasi dan merealisasikan SK HTR tersebut. Padahal masa SK kami tersebut terbatas untuk 2 tahun. Mohon agar kami dapat dijembatani Pak... TTD, Syafrin, Sekretaris Koperasi.",Lingkungan Hidup dan Penanggulangan Bencana,11,Kementerian Kehutanan,209,Sumatera Utara,2,Selesai,1348818214,1348649241,1353294546,1354471201
26596,Dasar Hukum Sanksi Kecurangan pada Tes CPNS,"Apakah sudah ada dasar hukum sanksi bagi pelaku maupun institusi yang melakukan kecurangan dalam tes CPNS? Usul peserta tes CPNS 2013 agar bersih dari KKN berupa uang sogok, suap, dan penerimaan uang muka. Apabila terdapat kecurangan tersebut, maka harus dikenai undang-undang anti korupsi PNS / sanksi hukum lainnya. Otonomi daerah rawan korupsi, kolusi dan nepotisme, terjadi di tes CPNS dari kabupaten menyebar hingga kecamatan. Bisa satu keluarga lulus semua serentak. Mohon pemerintah tegakan sanksi hukum bila terdapat indikasi tersebut. Selain nomor rawan ditukar, lampirkan juga skor nilai tes CPNS yang lulus!",Reformasi Birokrasi dan Tata Kelola,3,Kementerian Pendayagunaan Aparatur Negara dan Reformasi Birokrasi,260,Nasional,34,Selesai,1348730464,1348716955,1348730464,1350237601
26599,"Konflik Wilayah Tanah Adat di Pandumaan-Sipituhuta, Sumatera Utara","Konflik antara masyarakat adat Pandumaan-Sipituhuta dengan PT. Toba Pulp Lestari (TPL) di Kecamatan Pollung, Kabupaten Humbang Hasundutan, Sumatera Utara sejak Juni 2009 masih belum ada jalan keluar. Pansus DPRD Kabupaten sudah melakukan pemetaan penentuan tapal batas yang sudah dikirim ke Kementerian Kehutanan melalui surat bupati no. 522/083/DKLH/2012 tanggal 25 Juni 2012, agar wilayah adat ini dikeluarkan dari konsesi PT. TPL dan kawasan hutan negara sesuai dengan keputusan DPRD no. 14/2012 tentang Rekomendasi Pansus SK 44/Menhut-II/2005. Namun hingga kini belum ada kejelasan dari Kementerian Kehutanan, sementara terus terjadi aktivitas penebangan pohon dan ada pembukaan jalan di Tombak Haminjon / Hutan Kemenyan. Sudah berkali-kali warga menegur karena belum ada tindak lanjut dari Kementerian Kehutanan, namun PT. TPL tidak mengindahkan dan justru dikawal oleh Brimob yang justru menantang warga dengan kata-kata ""Sahali Tumbuk Hulean 200 ribu!"" (kalau ada yang berani dengan saya -- memukul -- akan saya beri uang 200 ribu!) yang juga membawa senjata laras panjang. Sempat terjadi bentrok pada hari lainnya sehingga terjadi pembakaran excavator karena kesal terjadi penebangan pohon. Namun isu yang berhembus justru terjadi perampasan senjata. 8 warga mendapat surat panggilan dua kali dari kepolisian resor Humbang Hasundutan untuk menjalani pemeriksaan. Hari ini lebih dari 500 warga adat Pandumaan-Sipituhuta melakukan aksi protes terhadap kriminalisasi dan pemanggilan yang dilakukan oleh Polres Humbang Hasundutan. Masyarakat adat Pandumaan-Sipituhuta mempertahankan hutan kemenyan yang merupakan hutan adat mereka dari bentuk-bentuk penghancuran PT. TPL tersebut.","Bidang Politik, Hukum, dan Keamanan",14,Kementerian Kehutanan,209,Sumatera Utara,2,Selesai,1348729427,1348719905,1354846862,1355940001
26661,"Pembabatan Hutan dan Penggalian Tanpa Izin di Sambas, Kalimantan Barat","LAPOR! (1) Telah terjadi pembabatan Hutan Taman Wisata Alam (TWA), Hutan Lindung, Hutan Produksi dan Areal Penggunaan Lain (APL), tanpa perizinan di Desa Nibung dan Desa Sebubus, Kecamatan Paloh, Kabupaten Sambas, Kalimantan Barat. Hal ini dilakukan oleh pengusaha yang mengatasnamakan masyarakat untuk perkebunan individu. (2) Layaknya hutan, telah terjadi juga pengambilan Galian Golongan C, pengambilan batu dan pasir tanpa perizinan di Kecamatan Paloh, Kabupaten Sambas, Kalimantan Barat. Mohon tindak lanjut pencegahan pelanggaran perizinan sesuai UU no. 41 tahun 1999 tentang Kehutanan dan UU no. 5 tahun 1960 (PP no. 40 Agraria). Padahal pemerintah sendiri yang mengklaim bahwa hutan harus dijaga agar tidak terjadi pemanasan global atau menjaga satwa yang ada di hutan. Kami mohon ada tim lapangan yang yang meninjau kebenaran tindakan mereka, agar tidak terjadi pembiaran terlalu jauh. Mohon maaf kami menginformasikan ini secara langsung. Kami pernah memberitahukan kepada BKSDA, Ketua Seksi Pelaksana Singkawang namun tidak ada respon.",Lingkungan Hidup dan Penanggulangan Bencana,11,Kementerian Lingkungan Hidup dan Kehutanan,9965,Kalimantan Barat,20,Belum,1416221788,1349007166,1434077483,
26694,Saran bagi Kemajuan Perekonomian Indonesia,"Yth. Bapak Agus Martowardoyo (Menteri Keuangan) dan Dirjen Pajak (tembusan UKP-PPP), kami sekumpulan Sarjana Ekonomi berpendapat bahwa Product Domestic Bruto (PDB) Indonesia, 60%-nya disumbang oleh usaha sektor informal. Indonesia bertekad mandiri di bidang ekonomi dan pembiayaannya, maka kami mengusulkan supaya Ditjen Pajak mulai mendata secara bertahap sumber tambahan penerimaan pajak dari para pelaku usaha sektor informal. Hal tersebut bertujuan supaya penerimaan negara dari pajak semakin meningkat sehingga tax ratio bisa mencapai lebih dari 15% per tahun. Selain itu, kami juga ingin mengingatkan supaya: 1. Rencana pembangunan jembatan Selat Sunda segera dilaksanakan 2. Penyatuan zona waktu agar segera diberlakukan 3. Pembasmian secara serius barang-barang illegal selundupan dari luar negeri 4. Percepatan penyelesaian pembangunan bandar udara serta pelabuhan niaga di beberapa provinsi Demikian dan selamat bekerja untuk kemajuan Indonesia!",Bidang Perekonomian,15,Kementerian Keuangan,50,Nasional,34,Selesai,1349321876,1349106329,1349321876,1362619428
26726,Masalah Perampokan di Medan Makin Ganas,"Perampok semakin ganas di Kota Medan. Dalam 1 minggu ini, telah terjadi 2 kali tindakan perampokan yang terpergok di Jl. Luku Padang Bulan. Ditenggarai lingkungan ini masih ada orang pemakai narkoba dan aktif melakukan perjudian. Termasuk juga pencurian motor yang masih marak di Kota Medan, baik secara perampasan, penodongan dan penipuan. Kami masyarakat sungguh terbebani dengan masalah sosial ini, di rumah setiap malam kami harus persiapkan keselamatan barang dan diri kami sendiri. Mudah-mudahan ada upaya lebih dari Kepolisian dalam mengatasi masalah ini. Wassalam dan terima kasih.","Bidang Politik, Hukum, dan Keamanan",14,Kepolisian Republik Indonesia,45,Sumatera Utara,2,Proses,1349259052,1349192638,1352688053,
26743,Halte DAMRI Baru di Soekarno-Hatta Tidak Dirawat,"BANDARA CENGKARENG, BERANDA KITA? Salut untuk PT Angkasa Pura II karena sekarang sudah memiliki halte-halte baru dan nyaman untuk bus Damri. ""Baru semingguan ini dioperasikan,"" ujar seorang tenaga CS di sana. Meski begitu, berdasarkan pengamatan langsung pada sore, 29 September 2012: 1. Tertulis ""Dilarang merokok di sini"". Nyatanya: masih banyak orang merokok dan tidak ada mekanisme untuk menegurnya. Bila perlu, kasih denda! 2. Tertulis ""Troley stop di sini"" (maksudnya: di area penumpang mendekat bus). Realitanya: tidak sedikit troley yang nyelonong mendekati bus sehingga menyumbat lalu-lalang penumpang. Kesadaran penumpang rendah. 3. Teriakan petugas tentang tujuan bus, sangat tidak efektif. Karena bus datang dengan beruntun dan cepat. Ini membingungkan penumpang hingga tidak lagi ada antrean. Jadi, perlu dipasang papan elektronik yg tulisannya mudah & jelas; dapat dibaca tentang bus jurusan mana yang datang. Intinya, penataan interior & SDM; halte yang baru tersebut belum benar-benar mampu mengondisikan sedemikian rupa sehingga, baik arus bis maupun penumpang, menjadi tertib. Sayang sekali jika kenyamanan yang diharapkan, apalagi sudah ada fasilitas toilet & mushollanya, malah dirusak justru oleh ketidakcerdasan dalam menegakkan peraturan untuk ketertiban. Memang orang Indonesia, bahkan banyak yang dari kelas menengah, di Indonesia sulit diatur. Tapi kenapa jika mereka di Singapura bisa tertib? Jawaban & responnya: halte berikut desain & mekanisme penataannya harus didesain ""memaksa untuk wajib tertib"". Lebih-lebih, bandara itu adalah beranda (tabiat orang) Indonesia. Saya mohon PT. Angkasa Pura II bisa bergerak cepat merespons kritik ini, apalagi mumpung halte-halte ini kan masih baru. Banyak-banyak terima kasih sebelumnya.",Infrastruktur,8,Kementerian Badan Usaha Milik Negara (BUMN),54,Banten,16,Selesai,1349263036,1349242541,1349263036,1352656802
26744,Masa Orientasi Siswa,"Yth. Mendikbud, saya mengusulkan supaya kegiatan perpeloncoan atau masa orientasi dilarang untuk diadakan. Alasannya adalah karena kegiatan tersebut sudah menjadi ajang kriminalitas senior terhadap junior. Selain itu, manfaatnya juga tidak ada karena tidak ada kontrol dari guru atau dosen. Masa orientasi sebaiknya diisi dengan penataran etika/ahlaq saja. Harap tingkatkan peran Kepala Sekolah atau Dewan Pengawas atau bahkan Dewan Pendidikan di masing-masing daerah. Suwun!",Pendidikan,4,Kementerian Pendidikan dan Kebudayaan,416,Nasional,34,Selesai,1349322459,1349245897,1361328122,1362420004
26834,Perusahaan Sawit Garap Lahan Adat Tanpa Hak Guna Usaha,"Hak Guna Usaha (HGU) PT. Sintang Raya (perusahaan sawit yg menggarap lahan adat di 6 Desa di Kecamatan Kubu, Kabupaten Kubu Raya, Kalimantan Barat) dicabut berdasarkan No. Putusan PTUN-Pontianak: 36/G/2011/PTUN-PTK. Sidang putusan di PTUN-Pontianak (9/8/12). Namun sampai (06/10/12) masyarakat masih menemukan adanya aktivitas perusahaan di lahan yang sudah dicabut HGU nya. Harap segera ditindaklanjuti agar tidak ada bentrok, karena piha